wait_time,q_index,q_val,tau,g2,g2_err
0,0,0.0037637686035959274,1.9999999494757503e-05,1.1308308,0.012474237
0,0,0.0037637686035959274,3.9999998989515007e-05,1.1377442,0.012472739
0,0,0.0037637686035959274,5.999999848427251e-05,1.1467772,0.012428047
0,0,0.0037637686035959274,7.999999797903001e-05,1.1133941,0.012264407
0,0,0.0037637686035959274,9.999999747378752e-05,1.1260281,0.012529288
0,0,0.0037637686035959274,0.00011999999696854502,1.1255715,0.012073849
0,0,0.0037637686035959274,0.00013999999646330252,1.1221461,0.012434569
0,0,0.0037637686035959274,0.00015999999595806003,1.1177161,0.012061172
0,0,0.0037637686035959274,0.00019999999494757503,1.115417,0.008610866
0,0,0.0037637686035959274,0.00023999999393709004,1.1120636,0.008602639
0,0,0.0037637686035959274,0.00027999999292660505,1.1128628,0.008581499
0,0,0.0037637686035959274,0.00031999999191612005,1.0972912,0.008506002
0,0,0.0037637686035959274,0.00039999998989515007,1.103532,0.0060924343
0,0,0.0037637686035959274,0.0004799999878741801,1.0983795,0.006122255
0,0,0.0037637686035959274,0.0005599999858532101,1.1013442,0.0060808286
0,0,0.0037637686035959274,0.0006399999838322401,1.1036056,0.0060657756
0,0,0.0037637686035959274,0.0007999999797903001,1.0957826,0.0043010022
0,0,0.0037637686035959274,0.0009599999757483602,1.0896469,0.0042984714
0,0,0.0037637686035959274,0.0011199999717064202,1.0878808,0.004334126
0,0,0.0037637686035959274,0.0012799999676644802,1.0892185,0.0043179654
0,0,0.0037637686035959274,0.0015999999595806003,1.0847913,0.0030266799
0,0,0.0037637686035959274,0.0019199999514967203,1.081826,0.0030363523
0,0,0.0037637686035959274,0.0022399999434128404,1.0790262,0.003040677
0,0,0.0037637686035959274,0.0025599999353289604,1.073125,0.003027564
0,0,0.0037637686035959274,0.0031999999191612005,1.0741243,0.0021399388
0,0,0.0037637686035959274,0.0038399999029934406,1.0735079,0.002135339
0,0,0.0037637686035959274,0.004479999886825681,1.0730641,0.002145227
0,0,0.0037637686035959274,0.005119999870657921,1.071063,0.0021365401
0,0,0.0037637686035959274,0.006399999838322401,1.0721855,0.0015088362
0,0,0.0037637686035959274,0.007679999805986881,1.0691681,0.0015107924
0,0,0.0037637686035959274,0.008959999773651361,1.0709919,0.0015114588
0,0,0.0037637686035959274,0.010239999741315842,1.0728794,0.0015132885
0,0,0.0037637686035959274,0.012799999676644802,1.0697244,0.0010714296
0,0,0.0037637686035959274,0.015359999611973763,1.0687122,0.0010708062
0,0,0.0037637686035959274,0.017919999547302723,1.0671916,0.0010700723
0,0,0.0037637686035959274,0.020479999482631683,1.0678209,0.0010727094
0,0,0.0037637686035959274,0.025599999353289604,1.0679712,0.0007594028
0,0,0.0037637686035959274,0.030719999223947525,1.0668466,0.0007603573
0,0,0.0037637686035959274,0.035839999094605446,1.0678124,0.0007627178
0,0,0.0037637686035959274,0.04095999896526337,1.0670304,0.00076327
0,0,0.0037637686035959274,0.05119999870657921,1.0660216,0.0005387268
0,0,0.0037637686035959274,0.06143999844789505,1.0653576,0.00054085156
0,0,0.0037637686035959274,0.07167999818921089,1.0661695,0.0005438551
0,0,0.0037637686035959274,0.08191999793052673,1.0655087,0.0005434437
0,0,0.0037637686035959274,0.10239999741315842,1.0652118,0.00038697038
0,0,0.0037637686035959274,0.1228799968957901,1.0652647,0.00038981796
0,0,0.0037637686035959274,0.14335999637842178,1.0649978,0.0003920107
0,0,0.0037637686035959274,0.16383999586105347,1.0641668,0.00039370343
0,0,0.0037637686035959274,0.20479999482631683,1.063801,0.0002817889
0,0,0.0037637686035959274,0.2457599937915802,1.0638552,0.00028540165
0,0,0.0037637686035959274,0.28671999275684357,1.0626385,0.0002899634
0,0,0.0037637686035959274,0.32767999172210693,1.0621604,0.00029418885
0,0,0.0037637686035959274,0.40959998965263367,1.0616509,0.00021084996
0,0,0.0037637686035959274,0.4915199875831604,1.0610249,0.00021738496
0,0,0.0037637686035959274,0.5734399855136871,1.0604442,0.00022618663
0,0,0.0037637686035959274,0.6553599834442139,1.0600852,0.00023510106
0,0,0.0037637686035959274,0.8191999793052673,1.0587642,0.00017318105
0,0,0.0037637686035959274,0.9830399751663208,1.0580333,0.00018296293
0,0,0.0037637686035959274,1.1468799710273743,1.0574998,0.00020005251
0,0,0.0037637686035959274,1.3107199668884277,1.057111,0.00022288229
0,0,0.0037637686035959274,1.6383999586105347,1.0553398,0.00013773584
0,1,0.00489078770665826,1.9999999494757503e-05,1.1365813,0.015201597
0,1,0.00489078770665826,3.9999998989515007e-05,1.1276807,0.015034892
0,1,0.00489078770665826,5.999999848427251e-05,1.1524893,0.015579838
0,1,0.00489078770665826,7.999999797903001e-05,1.1174815,0.015043076
0,1,0.00489078770665826,9.999999747378752e-05,1.1098012,0.015102549
0,1,0.00489078770665826,0.00011999999696854502,1.0872049,0.014613907
0,1,0.00489078770665826,0.00013999999646330252,1.1163533,0.015062486
0,1,0.00489078770665826,0.00015999999595806003,1.1005738,0.014806717
0,1,0.00489078770665826,0.00019999999494757503,1.0948515,0.010400806
0,1,0.00489078770665826,0.00023999999393709004,1.0932691,0.010613105
0,1,0.00489078770665826,0.00027999999292660505,1.1045352,0.010659878
0,1,0.00489078770665826,0.00031999999191612005,1.1094201,0.010725925
0,1,0.00489078770665826,0.00039999998989515007,1.0903474,0.007576987
0,1,0.00489078770665826,0.0004799999878741801,1.0859308,0.007525141
0,1,0.00489078770665826,0.0005599999858532101,1.0891914,0.007434723
0,1,0.00489078770665826,0.0006399999838322401,1.0825922,0.0074418285
0,1,0.00489078770665826,0.0007999999797903001,1.0782667,0.0052663637
0,1,0.00489078770665826,0.0009599999757483602,1.0725172,0.0052621295
0,1,0.00489078770665826,0.0011199999717064202,1.058585,0.0052763433
0,1,0.00489078770665826,0.0012799999676644802,1.0712714,0.0053092726
0,1,0.00489078770665826,0.0015999999595806003,1.0650374,0.003740259
0,1,0.00489078770665826,0.0019199999514967203,1.0667222,0.00371706
0,1,0.00489078770665826,0.0022399999434128404,1.0607913,0.0037132248
0,1,0.00489078770665826,0.0025599999353289604,1.05635,0.0037190407
0,1,0.00489078770665826,0.0031999999191612005,1.0640678,0.002640048
0,1,0.00489078770665826,0.0038399999029934406,1.0619025,0.0026294298
0,1,0.00489078770665826,0.004479999886825681,1.0627372,0.0026316643
0,1,0.00489078770665826,0.005119999870657921,1.0586817,0.0026256077
0,1,0.00489078770665826,0.006399999838322401,1.058957,0.0018589774
0,1,0.00489078770665826,0.007679999805986881,1.0559976,0.0018621787
0,1,0.00489078770665826,0.008959999773651361,1.0560019,0.0018538476
0,1,0.00489078770665826,0.010239999741315842,1.0567169,0.0018584295
0,1,0.00489078770665826,0.012799999676644802,1.0554944,0.0013095994
0,1,0.00489078770665826,0.015359999611973763,1.0587906,0.0013145399
0,1,0.00489078770665826,0.017919999547302723,1.0563475,0.0013171929
0,1,0.00489078770665826,0.020479999482631683,1.0585197,0.001319698
0,1,0.00489078770665826,0.025599999353289604,1.0538745,0.00093199586
0,1,0.00489078770665826,0.030719999223947525,1.0551388,0.00093547866
0,1,0.00489078770665826,0.035839999094605446,1.0550985,0.00093694695
0,1,0.00489078770665826,0.04095999896526337,1.0542634,0.0009355874
0,1,0.00489078770665826,0.05119999870657921,1.0545775,0.0006625564
0,1,0.00489078770665826,0.06143999844789505,1.0531776,0.0006649834
0,1,0.00489078770665826,0.07167999818921089,1.0538198,0.00066823163
0,1,0.00489078770665826,0.08191999793052673,1.053276,0.0006702476
0,1,0.00489078770665826,0.10239999741315842,1.0532851,0.00047571925
0,1,0.00489078770665826,0.1228799968957901,1.0525954,0.00047839
0,1,0.00489078770665826,0.14335999637842178,1.0519592,0.00048152893
0,1,0.00489078770665826,0.16383999586105347,1.0527498,0.00048449417
0,1,0.00489078770665826,0.20479999482631683,1.050901,0.00034719356
0,1,0.00489078770665826,0.2457599937915802,1.0512999,0.0003527458
0,1,0.00489078770665826,0.28671999275684357,1.0503383,0.00035768558
0,1,0.00489078770665826,0.32767999172210693,1.0506115,0.00036209277
0,1,0.00489078770665826,0.40959998965263367,1.0493603,0.00025964386
0,1,0.00489078770665826,0.4915199875831604,1.0488771,0.0002689202
0,1,0.00489078770665826,0.5734399855136871,1.0484884,0.0002790706
0,1,0.00489078770665826,0.6553599834442139,1.0480783,0.0002911728
0,1,0.00489078770665826,0.8191999793052673,1.0472205,0.00021603814
0,1,0.00489078770665826,0.9830399751663208,1.046609,0.00022972615
0,1,0.00489078770665826,1.1468799710273743,1.0457313,0.0002546583
0,1,0.00489078770665826,1.3107199668884277,1.0449333,0.00028834664
0,1,0.00489078770665826,1.6383999586105347,1.0437844,0.00022172117
0,2,0.006017806809720593,1.9999999494757503e-05,1.1119452,0.018721998
0,2,0.006017806809720593,3.9999998989515007e-05,1.1154815,0.01861721
0,2,0.006017806809720593,5.999999848427251e-05,1.1110355,0.018338671
0,2,0.006017806809720593,7.999999797903001e-05,1.0950278,0.018218571
0,2,0.006017806809720593,9.999999747378752e-05,1.1050575,0.018761247
0,2,0.006017806809720593,0.00011999999696854502,1.0790063,0.018279145
0,2,0.006017806809720593,0.00013999999646330252,1.0914706,0.018216413
0,2,0.006017806809720593,0.00015999999595806003,1.0993541,0.018309647
0,2,0.006017806809720593,0.00019999999494757503,1.0635624,0.013264413
0,2,0.006017806809720593,0.00023999999393709004,1.0930848,0.013434494
0,2,0.006017806809720593,0.00027999999292660505,1.103588,0.01325115
0,2,0.006017806809720593,0.00031999999191612005,1.0808353,0.012643762
0,2,0.006017806809720593,0.00039999998989515007,1.075861,0.009060956
0,2,0.006017806809720593,0.0004799999878741801,1.0713569,0.009239588
0,2,0.006017806809720593,0.0005599999858532101,1.0820688,0.00922137
0,2,0.006017806809720593,0.0006399999838322401,1.0567222,0.009318941
0,2,0.006017806809720593,0.0007999999797903001,1.0565455,0.0064810794
0,2,0.006017806809720593,0.0009599999757483602,1.0535777,0.006361195
0,2,0.006017806809720593,0.0011199999717064202,1.0484571,0.0064823413
0,2,0.006017806809720593,0.0012799999676644802,1.0537935,0.006419157
0,2,0.006017806809720593,0.0015999999595806003,1.055137,0.0045583523
0,2,0.006017806809720593,0.0019199999514967203,1.0476878,0.0044851783
0,2,0.006017806809720593,0.0022399999434128404,1.051647,0.004524131
0,2,0.006017806809720593,0.0025599999353289604,1.055594,0.0044943946
0,2,0.006017806809720593,0.0031999999191612005,1.0472256,0.003248576
0,2,0.006017806809720593,0.0038399999029934406,1.0501127,0.003230651
0,2,0.006017806809720593,0.004479999886825681,1.0519103,0.0032179337
0,2,0.006017806809720593,0.005119999870657921,1.0473784,0.0032393232
0,2,0.006017806809720593,0.006399999838322401,1.0474278,0.0022781007
0,2,0.006017806809720593,0.007679999805986881,1.051355,0.002282102
0,2,0.006017806809720593,0.008959999773651361,1.0482,0.0022926352
0,2,0.006017806809720593,0.010239999741315842,1.0472397,0.0022894877
0,2,0.006017806809720593,0.012799999676644802,1.0484773,0.001622047
0,2,0.006017806809720593,0.015359999611973763,1.0482684,0.0016233055
0,2,0.006017806809720593,0.017919999547302723,1.0494087,0.0016147285
0,2,0.006017806809720593,0.020479999482631683,1.0470144,0.0016279505
0,2,0.006017806809720593,0.025599999353289604,1.0446799,0.0011487961
0,2,0.006017806809720593,0.030719999223947525,1.0454853,0.0011534954
0,2,0.006017806809720593,0.035839999094605446,1.0448966,0.0011590668
0,2,0.006017806809720593,0.04095999896526337,1.043586,0.0011506267
0,2,0.006017806809720593,0.05119999870657921,1.0453752,0.0008169078
0,2,0.006017806809720593,0.06143999844789505,1.0459492,0.0008226656
0,2,0.006017806809720593,0.07167999818921089,1.0438019,0.000822137
0,2,0.006017806809720593,0.08191999793052673,1.0422474,0.00082585955
0,2,0.006017806809720593,0.10239999741315842,1.0443621,0.0005883261
0,2,0.006017806809720593,0.1228799968957901,1.0429825,0.00059149775
0,2,0.006017806809720593,0.14335999637842178,1.0424246,0.0005957623
0,2,0.006017806809720593,0.16383999586105347,1.0418308,0.00059863
0,2,0.006017806809720593,0.20479999482631683,1.0426437,0.00042920472
0,2,0.006017806809720593,0.2457599937915802,1.0416774,0.00043586557
0,2,0.006017806809720593,0.28671999275684357,1.0418851,0.00044262366
0,2,0.006017806809720593,0.32767999172210693,1.0413758,0.00044974347
0,2,0.006017806809720593,0.40959998965263367,1.0404948,0.0003238309
0,2,0.006017806809720593,0.4915199875831604,1.0396085,0.00033521224
0,2,0.006017806809720593,0.5734399855136871,1.0392089,0.0003494806
0,2,0.006017806809720593,0.6553599834442139,1.0388222,0.00036498715
0,2,0.006017806809720593,0.8191999793052673,1.0386109,0.00027474575
0,2,0.006017806809720593,0.9830399751663208,1.0377468,0.0002926273
0,2,0.006017806809720593,1.1468799710273743,1.0368427,0.00032622507
0,2,0.006017806809720593,1.3107199668884277,1.035544,0.0003717271
0,2,0.006017806809720593,1.6383999586105347,1.034199,0.00029382124
0,3,0.007144825912782926,1.9999999494757503e-05,1.1113538,0.023397468
0,3,0.007144825912782926,3.9999998989515007e-05,1.0942638,0.020808347
0,3,0.007144825912782926,5.999999848427251e-05,1.0939027,0.02185799
0,3,0.007144825912782926,7.999999797903001e-05,1.0832866,0.021450348
0,3,0.007144825912782926,9.999999747378752e-05,1.1062683,0.021333182
0,3,0.007144825912782926,0.00011999999696854502,1.0625291,0.02161092
0,3,0.007144825912782926,0.00013999999646330252,1.0706376,0.021193758
0,3,0.007144825912782926,0.00015999999595806003,1.0622472,0.02166987
0,3,0.007144825912782926,0.00019999999494757503,1.0775671,0.015747733
0,3,0.007144825912782926,0.00023999999393709004,1.0418545,0.0152599355
0,3,0.007144825912782926,0.00027999999292660505,1.0495621,0.015153308
0,3,0.007144825912782926,0.00031999999191612005,1.0472577,0.01563424
0,3,0.007144825912782926,0.00039999998989515007,1.0733587,0.011302618
0,3,0.007144825912782926,0.0004799999878741801,1.045655,0.011218371
0,3,0.007144825912782926,0.0005599999858532101,1.0583684,0.011267071
0,3,0.007144825912782926,0.0006399999838322401,1.0412081,0.010748207
0,3,0.007144825912782926,0.0007999999797903001,1.0428318,0.0076922467
0,3,0.007144825912782926,0.0009599999757483602,1.0524915,0.007721996
0,3,0.007144825912782926,0.0011199999717064202,1.0466086,0.007857051
0,3,0.007144825912782926,0.0012799999676644802,1.0322284,0.0077343374
0,3,0.007144825912782926,0.0015999999595806003,1.0413586,0.005594595
0,3,0.007144825912782926,0.0019199999514967203,1.039707,0.005496418
0,3,0.007144825912782926,0.0022399999434128404,1.0352024,0.005630532
0,3,0.007144825912782926,0.0025599999353289604,1.0485774,0.0055607976
0,3,0.007144825912782926,0.0031999999191612005,1.0465448,0.0039451765
0,3,0.007144825912782926,0.0038399999029934406,1.0398558,0.0039549293
0,3,0.007144825912782926,0.004479999886825681,1.0383921,0.0039338795
0,3,0.007144825912782926,0.005119999870657921,1.0388259,0.0039007408
0,3,0.007144825912782926,0.006399999838322401,1.0364628,0.0028100263
0,3,0.007144825912782926,0.007679999805986881,1.0428462,0.002790015
0,3,0.007144825912782926,0.008959999773651361,1.043339,0.0027940532
0,3,0.007144825912782926,0.010239999741315842,1.0402124,0.002802825
0,3,0.007144825912782926,0.012799999676644802,1.037352,0.0019892196
0,3,0.007144825912782926,0.015359999611973763,1.0346073,0.001978492
0,3,0.007144825912782926,0.017919999547302723,1.0402827,0.0019940957
0,3,0.007144825912782926,0.020479999482631683,1.0381663,0.0019969277
0,3,0.007144825912782926,0.025599999353289604,1.037754,0.0014013546
0,3,0.007144825912782926,0.030719999223947525,1.039868,0.0014155966
0,3,0.007144825912782926,0.035839999094605446,1.0375111,0.0014064633
0,3,0.007144825912782926,0.04095999896526337,1.0398586,0.0014193638
0,3,0.007144825912782926,0.05119999870657921,1.0368134,0.0010012038
0,3,0.007144825912782926,0.06143999844789505,1.0360154,0.0010096341
0,3,0.007144825912782926,0.07167999818921089,1.0378305,0.0010113083
0,3,0.007144825912782926,0.08191999793052673,1.0342768,0.0010089944
0,3,0.007144825912782926,0.10239999741315842,1.0363394,0.0007226121
0,3,0.007144825912782926,0.1228799968957901,1.0349811,0.0007245416
0,3,0.007144825912782926,0.14335999637842178,1.0354494,0.00073171814
0,3,0.007144825912782926,0.16383999586105347,1.0345893,0.0007368255
0,3,0.007144825912782926,0.20479999482631683,1.0346159,0.00052907015
0,3,0.007144825912782926,0.2457599937915802,1.0350866,0.00053786644
0,3,0.007144825912782926,0.28671999275684357,1.0339383,0.00054690056
0,3,0.007144825912782926,0.32767999172210693,1.0332439,0.000556003
0,3,0.007144825912782926,0.40959998965263367,1.0332873,0.00040147992
0,3,0.007144825912782926,0.4915199875831604,1.0316582,0.00041620687
0,3,0.007144825912782926,0.5734399855136871,1.0323157,0.00043326043
0,3,0.007144825912782926,0.6553599834442139,1.0313526,0.00045096694
0,3,0.007144825912782926,0.8191999793052673,1.0309741,0.00034675127
0,3,0.007144825912782926,0.9830399751663208,1.0308286,0.00037030605
0,3,0.007144825912782926,1.1468799710273743,1.0302677,0.00041201114
0,3,0.007144825912782926,1.3107199668884277,1.029251,0.00046050968
0,3,0.007144825912782926,1.6383999586105347,1.0281323,0.00033851687
0,4,0.008271845015845259,1.9999999494757503e-05,1.1210474,0.02807466
0,4,0.008271845015845259,3.9999998989515007e-05,1.0801384,0.025184393
0,4,0.008271845015845259,5.999999848427251e-05,1.0994141,0.02589544
0,4,0.008271845015845259,7.999999797903001e-05,1.0941485,0.025955273
0,4,0.008271845015845259,9.999999747378752e-05,1.0835125,0.025177693
0,4,0.008271845015845259,0.00011999999696854502,1.0524538,0.023707373
0,4,0.008271845015845259,0.00013999999646330252,1.0319881,0.024386736
0,4,0.008271845015845259,0.00015999999595806003,1.0685867,0.02532621
0,4,0.008271845015845259,0.00019999999494757503,1.0467255,0.01831915
0,4,0.008271845015845259,0.00023999999393709004,1.0347866,0.017715206
0,4,0.008271845015845259,0.00027999999292660505,1.0441302,0.018048543
0,4,0.008271845015845259,0.00031999999191612005,1.0411462,0.018080527
0,4,0.008271845015845259,0.00039999998989515007,1.0397696,0.012825912
0,4,0.008271845015845259,0.0004799999878741801,1.0488111,0.012919002
0,4,0.008271845015845259,0.0005599999858532101,1.0531422,0.0129338475
0,4,0.008271845015845259,0.0006399999838322401,1.0456963,0.013005204
0,4,0.008271845015845259,0.0007999999797903001,1.0365509,0.009512813
0,4,0.008271845015845259,0.0009599999757483602,1.0398493,0.009455309
0,4,0.008271845015845259,0.0011199999717064202,1.0435493,0.009111487
0,4,0.008271845015845259,0.0012799999676644802,1.0338255,0.009414315
0,4,0.008271845015845259,0.0015999999595806003,1.0336074,0.0067084404
0,4,0.008271845015845259,0.0019199999514967203,1.0310532,0.006633471
0,4,0.008271845015845259,0.0022399999434128404,1.0452542,0.0066312654
0,4,0.008271845015845259,0.0025599999353289604,1.0279812,0.006606846
0,4,0.008271845015845259,0.0031999999191612005,1.0324268,0.004745532
0,4,0.008271845015845259,0.0038399999029934406,1.0314856,0.0047220164
0,4,0.008271845015845259,0.004479999886825681,1.0389385,0.0046627764
0,4,0.008271845015845259,0.005119999870657921,1.035,0.0047613736
0,4,0.008271845015845259,0.006399999838322401,1.0344821,0.0033564554
0,4,0.008271845015845259,0.007679999805986881,1.0302362,0.0033532958
0,4,0.008271845015845259,0.008959999773651361,1.0352685,0.003353989
0,4,0.008271845015845259,0.010239999741315842,1.0319842,0.003359154
0,4,0.008271845015845259,0.012799999676644802,1.0329014,0.002391423
0,4,0.008271845015845259,0.015359999611973763,1.035104,0.0023772407
0,4,0.008271845015845259,0.017919999547302723,1.0368326,0.0023760558
0,4,0.008271845015845259,0.020479999482631683,1.0366809,0.0023702802
0,4,0.008271845015845259,0.025599999353289604,1.032087,0.0016860398
0,4,0.008271845015845259,0.030719999223947525,1.0311286,0.0017020723
0,4,0.008271845015845259,0.035839999094605446,1.0311495,0.0016877222
0,4,0.008271845015845259,0.04095999896526337,1.0336418,0.0016966761
0,4,0.008271845015845259,0.05119999870657921,1.0300504,0.001195697
0,4,0.008271845015845259,0.06143999844789505,1.0324153,0.0012114341
0,4,0.008271845015845259,0.07167999818921089,1.031657,0.0012175238
0,4,0.008271845015845259,0.08191999793052673,1.030354,0.0012185366
0,4,0.008271845015845259,0.10239999741315842,1.0307972,0.0008635507
0,4,0.008271845015845259,0.1228799968957901,1.0303868,0.0008725175
0,4,0.008271845015845259,0.14335999637842178,1.0290916,0.00088351266
0,4,0.008271845015845259,0.16383999586105347,1.0293499,0.00088657084
0,4,0.008271845015845259,0.20479999482631683,1.0280231,0.0006387039
0,4,0.008271845015845259,0.2457599937915802,1.0296756,0.00064987084
0,4,0.008271845015845259,0.28671999275684357,1.0290003,0.0006630877
0,4,0.008271845015845259,0.32767999172210693,1.028047,0.0006709116
0,4,0.008271845015845259,0.40959998965263367,1.0273823,0.0004865806
0,4,0.008271845015845259,0.4915199875831604,1.0272591,0.00050502113
0,4,0.008271845015845259,0.5734399855136871,1.026137,0.00052528613
0,4,0.008271845015845259,0.6553599834442139,1.0258858,0.00054405234
0,4,0.008271845015845259,0.8191999793052673,1.0261015,0.0004255524
0,4,0.008271845015845259,0.9830399751663208,1.0247666,0.00045560076
0,4,0.008271845015845259,1.1468799710273743,1.0243092,0.0004961819
0,4,0.008271845015845259,1.3107199668884277,1.0236032,0.00053327106
0,4,0.008271845015845259,1.6383999586105347,1.0226604,0.00034956433
10,0,0.0037637686035959274,1.9999999494757503e-05,1.1506922,0.010424495
10,0,0.0037637686035959274,3.9999998989515007e-05,1.1456313,0.010412372
10,0,0.0037637686035959274,5.999999848427251e-05,1.1329818,0.0102838995
10,0,0.0037637686035959274,7.999999797903001e-05,1.1287767,0.01033967
10,0,0.0037637686035959274,9.999999747378752e-05,1.1325585,0.010455183
10,0,0.0037637686035959274,0.00011999999696854502,1.1075681,0.010302572
10,0,0.0037637686035959274,0.00013999999646330252,1.1427127,0.010474921
10,0,0.0037637686035959274,0.00015999999595806003,1.1265229,0.010572532
10,0,0.0037637686035959274,0.00019999999494757503,1.1203625,0.0072811567
10,0,0.0037637686035959274,0.00023999999393709004,1.1137892,0.0072683496
10,0,0.0037637686035959274,0.00027999999292660505,1.1258599,0.007342459
10,0,0.0037637686035959274,0.00031999999191612005,1.1080196,0.0073433304
10,0,0.0037637686035959274,0.00039999998989515007,1.1131904,0.0051911217
10,0,0.0037637686035959274,0.0004799999878741801,1.110146,0.0051751034
10,0,0.0037637686035959274,0.0005599999858532101,1.1093332,0.0051758406
10,0,0.0037637686035959274,0.0006399999838322401,1.1025705,0.005181599
10,0,0.0037637686035959274,0.0007999999797903001,1.1052953,0.003658719
10,0,0.0037637686035959274,0.0009599999757483602,1.0961121,0.0036419672
10,0,0.0037637686035959274,0.0011199999717064202,1.0989975,0.0036484278
10,0,0.0037637686035959274,0.0012799999676644802,1.0971122,0.0036540672
10,0,0.0037637686035959274,0.0015999999595806003,1.0983038,0.0025762308
10,0,0.0037637686035959274,0.0019199999514967203,1.0955964,0.002563081
10,0,0.0037637686035959274,0.0022399999434128404,1.0930793,0.0025569177
10,0,0.0037637686035959274,0.0025599999353289604,1.0926725,0.0025582963
10,0,0.0037637686035959274,0.0031999999191612005,1.0906434,0.0018170916
10,0,0.0037637686035959274,0.0038399999029934406,1.0881598,0.0018131109
10,0,0.0037637686035959274,0.004479999886825681,1.0916278,0.0018140044
10,0,0.0037637686035959274,0.005119999870657921,1.0877719,0.0018142285
10,0,0.0037637686035959274,0.006399999838322401,1.0884413,0.0012825452
10,0,0.0037637686035959274,0.007679999805986881,1.088851,0.0012873278
10,0,0.0037637686035959274,0.008959999773651361,1.0859627,0.0012827009
10,0,0.0037637686035959274,0.010239999741315842,1.0870333,0.0012855176
10,0,0.0037637686035959274,0.012799999676644802,1.0857159,0.00090680196
10,0,0.0037637686035959274,0.015359999611973763,1.0854137,0.000908419
10,0,0.0037637686035959274,0.017919999547302723,1.0853071,0.00090953417
10,0,0.0037637686035959274,0.020479999482631683,1.0863414,0.0009090904
10,0,0.0037637686035959274,0.025599999353289604,1.0852215,0.0006440357
10,0,0.0037637686035959274,0.030719999223947525,1.0847943,0.0006456525
10,0,0.0037637686035959274,0.035839999094605446,1.0837541,0.0006454297
10,0,0.0037637686035959274,0.04095999896526337,1.0851352,0.0006462312
10,0,0.0037637686035959274,0.05119999870657921,1.0840976,0.00045900908
10,0,0.0037637686035959274,0.06143999844789505,1.0840672,0.0004596971
10,0,0.0037637686035959274,0.07167999818921089,1.0837178,0.00046017035
10,0,0.0037637686035959274,0.08191999793052673,1.083593,0.0004617841
10,0,0.0037637686035959274,0.10239999741315842,1.0825785,0.0003276812
10,0,0.0037637686035959274,0.1228799968957901,1.0829189,0.00033050246
10,0,0.0037637686035959274,0.14335999637842178,1.0822134,0.0003321393
10,0,0.0037637686035959274,0.16383999586105347,1.0824436,0.00033480412
10,0,0.0037637686035959274,0.20479999482631683,1.0817469,0.00023844794
10,0,0.0037637686035959274,0.2457599937915802,1.0814701,0.00024187876
10,0,0.0037637686035959274,0.28671999275684357,1.0812318,0.00024515815
10,0,0.0037637686035959274,0.32767999172210693,1.0803938,0.0002487368
10,0,0.0037637686035959274,0.40959998965263367,1.0801291,0.00017840798
10,0,0.0037637686035959274,0.4915199875831604,1.0797659,0.0001839402
10,0,0.0037637686035959274,0.5734399855136871,1.0790619,0.00018987225
10,0,0.0037637686035959274,0.6553599834442139,1.0788144,0.00019817459
10,0,0.0037637686035959274,0.8191999793052673,1.0781276,0.00014557221
10,0,0.0037637686035959274,0.9830399751663208,1.0773331,0.0001539278
10,0,0.0037637686035959274,1.1468799710273743,1.0766178,0.00016763847
10,0,0.0037637686035959274,1.3107199668884277,1.0761776,0.00018668159
10,0,0.0037637686035959274,1.6383999586105347,1.0751982,9.957381e-05
10,1,0.00489078770665826,1.9999999494757503e-05,1.1477802,0.013735255
10,1,0.00489078770665826,3.9999998989515007e-05,1.1204511,0.013245471
10,1,0.00489078770665826,5.999999848427251e-05,1.1156015,0.013387853
10,1,0.00489078770665826,7.999999797903001e-05,1.1056962,0.013132332
10,1,0.00489078770665826,9.999999747378752e-05,1.1275573,0.013228905
10,1,0.00489078770665826,0.00011999999696854502,1.1257116,0.013655518
10,1,0.00489078770665826,0.00013999999646330252,1.1091045,0.012989035
10,1,0.00489078770665826,0.00015999999595806003,1.103646,0.013129269
10,1,0.00489078770665826,0.00019999999494757503,1.1043556,0.009434223
10,1,0.00489078770665826,0.00023999999393709004,1.106893,0.009442402
10,1,0.00489078770665826,0.00027999999292660505,1.1002041,0.009577727
10,1,0.00489078770665826,0.00031999999191612005,1.0924723,0.009369649
10,1,0.00489078770665826,0.00039999998989515007,1.0942404,0.0067278952
10,1,0.00489078770665826,0.0004799999878741801,1.0916336,0.006608172
10,1,0.00489078770665826,0.0005599999858532101,1.0883646,0.0066358177
10,1,0.00489078770665826,0.0006399999838322401,1.0894717,0.0065991594
10,1,0.00489078770665826,0.0007999999797903001,1.0950391,0.0047456524
10,1,0.00489078770665826,0.0009599999757483602,1.0770437,0.004673513
10,1,0.00489078770665826,0.0011199999717064202,1.0859628,0.00469373
10,1,0.00489078770665826,0.0012799999676644802,1.0820023,0.0046738675
10,1,0.00489078770665826,0.0015999999595806003,1.0800941,0.00332298
10,1,0.00489078770665826,0.0019199999514967203,1.080909,0.0033171452
10,1,0.00489078770665826,0.0022399999434128404,1.079194,0.0033083665
10,1,0.00489078770665826,0.0025599999353289604,1.078567,0.0033338622
10,1,0.00489078770665826,0.0031999999191612005,1.0730064,0.0023445834
10,1,0.00489078770665826,0.0038399999029934406,1.0722581,0.0023426975
10,1,0.00489078770665826,0.004479999886825681,1.075025,0.002333422
10,1,0.00489078770665826,0.005119999870657921,1.0799693,0.0023468828
10,1,0.00489078770665826,0.006399999838322401,1.0772865,0.0016579425
10,1,0.00489078770665826,0.007679999805986881,1.0749995,0.0016651505
10,1,0.00489078770665826,0.008959999773651361,1.0745509,0.0016659594
10,1,0.00489078770665826,0.010239999741315842,1.0733211,0.0016661827
10,1,0.00489078770665826,0.012799999676644802,1.0733238,0.0011728922
10,1,0.00489078770665826,0.015359999611973763,1.0755839,0.0011735444
10,1,0.00489078770665826,0.017919999547302723,1.0723356,0.0011756194
10,1,0.00489078770665826,0.020479999482631683,1.0735492,0.0011796261
10,1,0.00489078770665826,0.025599999353289604,1.073375,0.00083324296
10,1,0.00489078770665826,0.030719999223947525,1.0726917,0.0008351665
10,1,0.00489078770665826,0.035839999094605446,1.0731589,0.00083677203
10,1,0.00489078770665826,0.04095999896526337,1.0736254,0.00083765696
10,1,0.00489078770665826,0.05119999870657921,1.0720962,0.00059184886
10,1,0.00489078770665826,0.06143999844789505,1.0721987,0.00059514854
10,1,0.00489078770665826,0.07167999818921089,1.0709908,0.00059700303
10,1,0.00489078770665826,0.08191999793052673,1.0719627,0.0005970832
10,1,0.00489078770665826,0.10239999741315842,1.0718702,0.00042469622
10,1,0.00489078770665826,0.1228799968957901,1.071501,0.00042717328
10,1,0.00489078770665826,0.14335999637842178,1.0711868,0.00043119933
10,1,0.00489078770665826,0.16383999586105347,1.070663,0.00043297498
10,1,0.00489078770665826,0.20479999482631683,1.069986,0.00030989357
10,1,0.00489078770665826,0.2457599937915802,1.069859,0.00031385123
10,1,0.00489078770665826,0.28671999275684357,1.0696365,0.00031892466
10,1,0.00489078770665826,0.32767999172210693,1.0692207,0.00032261206
10,1,0.00489078770665826,0.40959998965263367,1.0686884,0.00023133887
10,1,0.00489078770665826,0.4915199875831604,1.0682529,0.00023972665
10,1,0.00489078770665826,0.5734399855136871,1.0679568,0.00024948333
10,1,0.00489078770665826,0.6553599834442139,1.067137,0.00025984645
10,1,0.00489078770665826,0.8191999793052673,1.066311,0.00019214224
10,1,0.00489078770665826,0.9830399751663208,1.0655663,0.00020369576
10,1,0.00489078770665826,1.1468799710273743,1.0648545,0.00022475401
10,1,0.00489078770665826,1.3107199668884277,1.0649055,0.00025379026
10,1,0.00489078770665826,1.6383999586105347,1.0633985,0.00018718027
10,2,0.006017806809720593,1.9999999494757503e-05,1.1189373,0.016999532
10,2,0.006017806809720593,3.9999998989515007e-05,1.1252892,0.017165499
10,2,0.006017806809720593,5.999999848427251e-05,1.1074052,0.016832182
10,2,0.006017806809720593,7.999999797903001e-05,1.1328301,0.016637016
10,2,0.006017806809720593,9.999999747378752e-05,1.1019933,0.016061477
10,2,0.006017806809720593,0.00011999999696854502,1.1125116,0.016734475
10,2,0.006017806809720593,0.00013999999646330252,1.1117345,0.016726386
10,2,0.006017806809720593,0.00015999999595806003,1.1037533,0.017162267
10,2,0.006017806809720593,0.00019999999494757503,1.0957924,0.012075272
10,2,0.006017806809720593,0.00023999999393709004,1.0954088,0.011619771
10,2,0.006017806809720593,0.00027999999292660505,1.0837377,0.011819851
10,2,0.006017806809720593,0.00031999999191612005,1.070474,0.011775561
10,2,0.006017806809720593,0.00039999998989515007,1.0818796,0.008472124
10,2,0.006017806809720593,0.0004799999878741801,1.0913262,0.008761963
10,2,0.006017806809720593,0.0005599999858532101,1.0777984,0.008490119
10,2,0.006017806809720593,0.0006399999838322401,1.0808862,0.008522904
10,2,0.006017806809720593,0.0007999999797903001,1.0639586,0.005970894
10,2,0.006017806809720593,0.0009599999757483602,1.0702264,0.006000461
10,2,0.006017806809720593,0.0011199999717064202,1.0805687,0.006072712
10,2,0.006017806809720593,0.0012799999676644802,1.0730952,0.00600427
10,2,0.006017806809720593,0.0015999999595806003,1.0687099,0.004238188
10,2,0.006017806809720593,0.0019199999514967203,1.0671879,0.0042551495
10,2,0.006017806809720593,0.0022399999434128404,1.065865,0.004205828
10,2,0.006017806809720593,0.0025599999353289604,1.066318,0.004190268
10,2,0.006017806809720593,0.0031999999191612005,1.0690496,0.0029873217
10,2,0.006017806809720593,0.0038399999029934406,1.0711472,0.003013833
10,2,0.006017806809720593,0.004479999886825681,1.0642691,0.0029981358
10,2,0.006017806809720593,0.005119999870657921,1.0663911,0.002999676
10,2,0.006017806809720593,0.006399999838322401,1.067092,0.0021288556
10,2,0.006017806809720593,0.007679999805986881,1.0684915,0.0021307494
10,2,0.006017806809720593,0.008959999773651361,1.0641683,0.0021164273
10,2,0.006017806809720593,0.010239999741315842,1.065764,0.0021156871
10,2,0.006017806809720593,0.012799999676644802,1.0631887,0.0015002575
10,2,0.006017806809720593,0.015359999611973763,1.0634117,0.0014970463
10,2,0.006017806809720593,0.017919999547302723,1.0646142,0.0015021068
10,2,0.006017806809720593,0.020479999482631683,1.0665553,0.0015064933
10,2,0.006017806809720593,0.025599999353289604,1.0643737,0.0010651643
10,2,0.006017806809720593,0.030719999223947525,1.061474,0.0010668874
10,2,0.006017806809720593,0.035839999094605446,1.0646708,0.0010675956
10,2,0.006017806809720593,0.04095999896526337,1.0631846,0.001073152
10,2,0.006017806809720593,0.05119999870657921,1.0625106,0.0007596625
10,2,0.006017806809720593,0.06143999844789505,1.0614364,0.00075994653
10,2,0.006017806809720593,0.07167999818921089,1.0624353,0.0007639806
10,2,0.006017806809720593,0.08191999793052673,1.0633012,0.00076301733
10,2,0.006017806809720593,0.10239999741315842,1.062178,0.0005444398
10,2,0.006017806809720593,0.1228799968957901,1.0611765,0.00054718845
10,2,0.006017806809720593,0.14335999637842178,1.0609018,0.00055025925
10,2,0.006017806809720593,0.16383999586105347,1.0617293,0.0005561158
10,2,0.006017806809720593,0.20479999482631683,1.0607585,0.0003984925
10,2,0.006017806809720593,0.2457599937915802,1.0601013,0.0004037152
10,2,0.006017806809720593,0.28671999275684357,1.0597246,0.00040895623
10,2,0.006017806809720593,0.32767999172210693,1.059544,0.00041555526
10,2,0.006017806809720593,0.40959998965263367,1.0588057,0.00029933566
10,2,0.006017806809720593,0.4915199875831604,1.0582957,0.00031035807
10,2,0.006017806809720593,0.5734399855136871,1.0578588,0.0003227534
10,2,0.006017806809720593,0.6553599834442139,1.0578587,0.00033627235
10,2,0.006017806809720593,0.8191999793052673,1.0572941,0.00025252413
10,2,0.006017806809720593,0.9830399751663208,1.0562012,0.00026937234
10,2,0.006017806809720593,1.1468799710273743,1.0554584,0.00029942268
10,2,0.006017806809720593,1.3107199668884277,1.054928,0.00034132338
10,2,0.006017806809720593,1.6383999586105347,1.0532472,0.0002704531
10,3,0.007144825912782926,1.9999999494757503e-05,1.1250587,0.020916982
10,3,0.007144825912782926,3.9999998989515007e-05,1.1197236,0.020796413
10,3,0.007144825912782926,5.999999848427251e-05,1.1125987,0.02124157
10,3,0.007144825912782926,7.999999797903001e-05,1.128519,0.020679
10,3,0.007144825912782926,9.999999747378752e-05,1.117176,0.021045966
10,3,0.007144825912782926,0.00011999999696854502,1.0778614,0.020865468
10,3,0.007144825912782926,0.00013999999646330252,1.0814557,0.020520775
10,3,0.007144825912782926,0.00015999999595806003,1.1044444,0.020903647
10,3,0.007144825912782926,0.00019999999494757503,1.0624454,0.015284258
10,3,0.007144825912782926,0.00023999999393709004,1.0582166,0.014850467
10,3,0.007144825912782926,0.00027999999292660505,1.0816286,0.015075041
10,3,0.007144825912782926,0.00031999999191612005,1.0642902,0.01448821
10,3,0.007144825912782926,0.00039999998989515007,1.072157,0.010427216
10,3,0.007144825912782926,0.0004799999878741801,1.0844665,0.010732257
10,3,0.007144825912782926,0.0005599999858532101,1.0616628,0.010470757
10,3,0.007144825912782926,0.0006399999838322401,1.0745337,0.010600614
10,3,0.007144825912782926,0.0007999999797903001,1.0654976,0.0076304935
10,3,0.007144825912782926,0.0009599999757483602,1.065212,0.0075217187
10,3,0.007144825912782926,0.0011199999717064202,1.0627341,0.0073067294
10,3,0.007144825912782926,0.0012799999676644802,1.0611038,0.0075318962
10,3,0.007144825912782926,0.0015999999595806003,1.0607824,0.0052948473
10,3,0.007144825912782926,0.0019199999514967203,1.0606827,0.0053625344
10,3,0.007144825912782926,0.0022399999434128404,1.0686606,0.0054474575
10,3,0.007144825912782926,0.0025599999353289604,1.0661578,0.005380071
10,3,0.007144825912782926,0.0031999999191612005,1.0605457,0.0038296855
10,3,0.007144825912782926,0.0038399999029934406,1.0552802,0.0037827925
10,3,0.007144825912782926,0.004479999886825681,1.0576134,0.0037935332
10,3,0.007144825912782926,0.005119999870657921,1.0627552,0.0037772798
10,3,0.007144825912782926,0.006399999838322401,1.0617222,0.0027034164
10,3,0.007144825912782926,0.007679999805986881,1.0634819,0.0026772402
10,3,0.007144825912782926,0.008959999773651361,1.0569582,0.0026706855
10,3,0.007144825912782926,0.010239999741315842,1.059367,0.002703607
10,3,0.007144825912782926,0.012799999676644802,1.0579371,0.0019051388
10,3,0.007144825912782926,0.015359999611973763,1.0571154,0.0019015108
10,3,0.007144825912782926,0.017919999547302723,1.0588403,0.0018917446
10,3,0.007144825912782926,0.020479999482631683,1.0559235,0.0019073557
10,3,0.007144825912782926,0.025599999353289604,1.0560666,0.0013534537
10,3,0.007144825912782926,0.030719999223947525,1.0540886,0.0013458977
10,3,0.007144825912782926,0.035839999094605446,1.0584197,0.0013593368
10,3,0.007144825912782926,0.04095999896526337,1.0559963,0.0013547761
10,3,0.007144825912782926,0.05119999870657921,1.0566702,0.000959157
10,3,0.007144825912782926,0.06143999844789505,1.0570071,0.00096004445
10,3,0.007144825912782926,0.07167999818921089,1.0554305,0.00096778135
10,3,0.007144825912782926,0.08191999793052673,1.0559559,0.00096755615
10,3,0.007144825912782926,0.10239999741315842,1.054855,0.00068879296
10,3,0.007144825912782926,0.1228799968957901,1.0557225,0.0006937555
10,3,0.007144825912782926,0.14335999637842178,1.0541775,0.00069903885
10,3,0.007144825912782926,0.16383999586105347,1.0541531,0.0007040349
10,3,0.007144825912782926,0.20479999482631683,1.0525973,0.0005044495
10,3,0.007144825912782926,0.2457599937915802,1.0526589,0.00051558344
10,3,0.007144825912782926,0.28671999275684357,1.0516796,0.00052314275
10,3,0.007144825912782926,0.32767999172210693,1.0525348,0.0005315674
10,3,0.007144825912782926,0.40959998965263367,1.0519705,0.00038430933
10,3,0.007144825912782926,0.4915199875831604,1.0511982,0.0003977498
10,3,0.007144825912782926,0.5734399855136871,1.0510876,0.00041490662
10,3,0.007144825912782926,0.6553599834442139,1.050331,0.0004311731
10,3,0.007144825912782926,0.8191999793052673,1.0495007,0.00033034052
10,3,0.007144825912782926,0.9830399751663208,1.0485067,0.0003531194
10,3,0.007144825912782926,1.1468799710273743,1.0482327,0.00039309537
10,3,0.007144825912782926,1.3107199668884277,1.0473683,0.00043887453
10,3,0.007144825912782926,1.6383999586105347,1.0467787,0.00032834912
10,4,0.008271845015845259,1.9999999494757503e-05,1.0804958,0.024020024
10,4,0.008271845015845259,3.9999998989515007e-05,1.1062176,0.025756512
10,4,0.008271845015845259,5.999999848427251e-05,1.1007977,0.025866115
10,4,0.008271845015845259,7.999999797903001e-05,1.0994191,0.026974345
10,4,0.008271845015845259,9.999999747378752e-05,1.0825105,0.026205638
10,4,0.008271845015845259,0.00011999999696854502,1.0630622,0.022952728
10,4,0.008271845015845259,0.00013999999646330252,1.0714412,0.02485435
10,4,0.008271845015845259,0.00015999999595806003,1.0469359,0.022683023
10,4,0.008271845015845259,0.00019999999494757503,1.0734099,0.017140003
10,4,0.008271845015845259,0.00023999999393709004,1.0829313,0.017409503
10,4,0.008271845015845259,0.00027999999292660505,1.0982907,0.017900553
10,4,0.008271845015845259,0.00031999999191612005,1.0629402,0.016954761
10,4,0.008271845015845259,0.00039999998989515007,1.0719354,0.013232258
10,4,0.008271845015845259,0.0004799999878741801,1.071263,0.012695588
10,4,0.008271845015845259,0.0005599999858532101,1.0668262,0.012894044
10,4,0.008271845015845259,0.0006399999838322401,1.054051,0.0129020335
10,4,0.008271845015845259,0.0007999999797903001,1.0687859,0.009242736
10,4,0.008271845015845259,0.0009599999757483602,1.0620984,0.008985622
10,4,0.008271845015845259,0.0011199999717064202,1.0582187,0.009184736
10,4,0.008271845015845259,0.0012799999676644802,1.0426904,0.009319864
10,4,0.008271845015845259,0.0015999999595806003,1.0484085,0.006398499
10,4,0.008271845015845259,0.0019199999514967203,1.0502238,0.0064668558
10,4,0.008271845015845259,0.0022399999434128404,1.0543795,0.0066147232
10,4,0.008271845015845259,0.0025599999353289604,1.052404,0.0063423663
10,4,0.008271845015845259,0.0031999999191612005,1.0514351,0.004604309
10,4,0.008271845015845259,0.0038399999029934406,1.0559648,0.0045862193
10,4,0.008271845015845259,0.004479999886825681,1.052641,0.004657551
10,4,0.008271845015845259,0.005119999870657921,1.0537105,0.00465547
10,4,0.008271845015845259,0.006399999838322401,1.0540972,0.003253587
10,4,0.008271845015845259,0.007679999805986881,1.0525186,0.0032765851
10,4,0.008271845015845259,0.008959999773651361,1.0487767,0.0032707707
10,4,0.008271845015845259,0.010239999741315842,1.0540246,0.003242151
10,4,0.008271845015845259,0.012799999676644802,1.0495863,0.002308282
10,4,0.008271845015845259,0.015359999611973763,1.0469264,0.0023160619
10,4,0.008271845015845259,0.017919999547302723,1.0518742,0.0023075524
10,4,0.008271845015845259,0.020479999482631683,1.0515977,0.0023207958
10,4,0.008271845015845259,0.025599999353289604,1.0526332,0.0016641328
10,4,0.008271845015845259,0.030719999223947525,1.05344,0.0016697946
10,4,0.008271845015845259,0.035839999094605446,1.0479765,0.0016679792
10,4,0.008271845015845259,0.04095999896526337,1.0475616,0.0016644647
10,4,0.008271845015845259,0.05119999870657921,1.049377,0.0011737474
10,4,0.008271845015845259,0.06143999844789505,1.0490052,0.0011775463
10,4,0.008271845015845259,0.07167999818921089,1.0482888,0.001187088
10,4,0.008271845015845259,0.08191999793052673,1.0486449,0.0011890668
10,4,0.008271845015845259,0.10239999741315842,1.0476687,0.0008482351
10,4,0.008271845015845259,0.1228799968957901,1.0475091,0.0008540965
10,4,0.008271845015845259,0.14335999637842178,1.0482712,0.0008594538
10,4,0.008271845015845259,0.16383999586105347,1.0458288,0.0008691324
10,4,0.008271845015845259,0.20479999482631683,1.0471607,0.00062716746
10,4,0.008271845015845259,0.2457599937915802,1.0463364,0.0006356303
10,4,0.008271845015845259,0.28671999275684357,1.0448864,0.0006433701
10,4,0.008271845015845259,0.32767999172210693,1.04495,0.0006536759
10,4,0.008271845015845259,0.40959998965263367,1.0453937,0.00047672275
10,4,0.008271845015845259,0.4915199875831604,1.0443572,0.0004919538
10,4,0.008271845015845259,0.5734399855136871,1.0443113,0.0005112518
10,4,0.008271845015845259,0.6553599834442139,1.0432782,0.0005306168
10,4,0.008271845015845259,0.8191999793052673,1.0427647,0.00041456977
10,4,0.008271845015845259,0.9830399751663208,1.0419805,0.00044368728
10,4,0.008271845015845259,1.1468799710273743,1.0418963,0.0004837017
10,4,0.008271845015845259,1.3107199668884277,1.0409161,0.0005211926
10,4,0.008271845015845259,1.6383999586105347,1.0399115,0.0003472396
20,0,0.0037637686035959274,1.9999999494757503e-05,1.1396538,0.008522848
20,0,0.0037637686035959274,3.9999998989515007e-05,1.1363146,0.0084087495
20,0,0.0037637686035959274,5.999999848427251e-05,1.1267581,0.00836657
20,0,0.0037637686035959274,7.999999797903001e-05,1.1490617,0.008385534
20,0,0.0037637686035959274,9.999999747378752e-05,1.1407537,0.008428843
20,0,0.0037637686035959274,0.00011999999696854502,1.1529524,0.008506341
20,0,0.0037637686035959274,0.00013999999646330252,1.1472411,0.008531148
20,0,0.0037637686035959274,0.00015999999595806003,1.1299956,0.008388186
20,0,0.0037637686035959274,0.00019999999494757503,1.1330957,0.005936282
20,0,0.0037637686035959274,0.00023999999393709004,1.1274467,0.006012599
20,0,0.0037637686035959274,0.00027999999292660505,1.1282135,0.0059380815
20,0,0.0037637686035959274,0.00031999999191612005,1.1313208,0.0059600277
20,0,0.0037637686035959274,0.00039999998989515007,1.1248386,0.0042079287
20,0,0.0037637686035959274,0.0004799999878741801,1.1212211,0.004200682
20,0,0.0037637686035959274,0.0005599999858532101,1.1216457,0.0041953903
20,0,0.0037637686035959274,0.0006399999838322401,1.1218785,0.0041706054
20,0,0.0037637686035959274,0.0007999999797903001,1.1173042,0.0029565026
20,0,0.0037637686035959274,0.0009599999757483602,1.1151662,0.0029521773
20,0,0.0037637686035959274,0.0011199999717064202,1.114046,0.0029678745
20,0,0.0037637686035959274,0.0012799999676644802,1.1097416,0.0029650303
20,0,0.0037637686035959274,0.0015999999595806003,1.1142634,0.0020988346
20,0,0.0037637686035959274,0.0019199999514967203,1.1110555,0.0020992272
20,0,0.0037637686035959274,0.0022399999434128404,1.1079037,0.0020907107
20,0,0.0037637686035959274,0.0025599999353289604,1.1067742,0.0021006821
20,0,0.0037637686035959274,0.0031999999191612005,1.1066806,0.0014763856
20,0,0.0037637686035959274,0.0038399999029934406,1.1050601,0.0014735961
20,0,0.0037637686035959274,0.004479999886825681,1.107152,0.0014867276
20,0,0.0037637686035959274,0.005119999870657921,1.1055459,0.0014746223
20,0,0.0037637686035959274,0.006399999838322401,1.1045997,0.0010465059
20,0,0.0037637686035959274,0.007679999805986881,1.1065787,0.0010438609
20,0,0.0037637686035959274,0.008959999773651361,1.1048288,0.0010473515
20,0,0.0037637686035959274,0.010239999741315842,1.1044048,0.0010488839
20,0,0.0037637686035959274,0.012799999676644802,1.1027702,0.0007394367
20,0,0.0037637686035959274,0.015359999611973763,1.1034663,0.00074242125
20,0,0.0037637686035959274,0.017919999547302723,1.1025207,0.0007435755
20,0,0.0037637686035959274,0.020479999482631683,1.1027884,0.0007412736
20,0,0.0037637686035959274,0.025599999353289604,1.1031166,0.000525419
20,0,0.0037637686035959274,0.030719999223947525,1.1009853,0.000526402
20,0,0.0037637686035959274,0.035839999094605446,1.1022118,0.000526857
20,0,0.0037637686035959274,0.04095999896526337,1.1012956,0.0005267056
20,0,0.0037637686035959274,0.05119999870657921,1.1011964,0.00037266157
20,0,0.0037637686035959274,0.06143999844789505,1.1014735,0.00037483202
20,0,0.0037637686035959274,0.07167999818921089,1.101192,0.00037444054
20,0,0.0037637686035959274,0.08191999793052673,1.1000363,0.00037641486
20,0,0.0037637686035959274,0.10239999741315842,1.1002724,0.00026796525
20,0,0.0037637686035959274,0.1228799968957901,1.1000361,0.00026916582
20,0,0.0037637686035959274,0.14335999637842178,1.0997783,0.00027054094
20,0,0.0037637686035959274,0.16383999586105347,1.1002482,0.00027304975
20,0,0.0037637686035959274,0.20479999482631683,1.0991845,0.00019484627
20,0,0.0037637686035959274,0.2457599937915802,1.098641,0.00019701051
20,0,0.0037637686035959274,0.28671999275684357,1.0983955,0.00019982301
20,0,0.0037637686035959274,0.32767999172210693,1.0986696,0.00020269968
20,0,0.0037637686035959274,0.40959998965263367,1.0976024,0.00014515602
20,0,0.0037637686035959274,0.4915199875831604,1.0972403,0.00015005007
20,0,0.0037637686035959274,0.5734399855136871,1.0966294,0.00015510697
20,0,0.0037637686035959274,0.6553599834442139,1.0963669,0.00016109858
20,0,0.0037637686035959274,0.8191999793052673,1.0953556,0.00011845959
20,0,0.0037637686035959274,0.9830399751663208,1.0948014,0.0001248263
20,0,0.0037637686035959274,1.1468799710273743,1.0938433,0.00013557586
20,0,0.0037637686035959274,1.3107199668884277,1.0930798,0.00014972092
20,0,0.0037637686035959274,1.6383999586105347,1.0918959,6.394896e-05
20,1,0.00489078770665826,1.9999999494757503e-05,1.129317,0.011213483
20,1,0.00489078770665826,3.9999998989515007e-05,1.1482444,0.011413875
20,1,0.00489078770665826,5.999999848427251e-05,1.12411,0.011191323
20,1,0.00489078770665826,7.999999797903001e-05,1.1399813,0.011493874
20,1,0.00489078770665826,9.999999747378752e-05,1.1270688,0.011353015
20,1,0.00489078770665826,0.00011999999696854502,1.1172628,0.0114362575
20,1,0.00489078770665826,0.00013999999646330252,1.1168389,0.011263719
20,1,0.00489078770665826,0.00015999999595806003,1.1274322,0.01117476
20,1,0.00489078770665826,0.00019999999494757503,1.1127019,0.008027686
20,1,0.00489078770665826,0.00023999999393709004,1.1122487,0.007844228
20,1,0.00489078770665826,0.00027999999292660505,1.1084434,0.008010065
20,1,0.00489078770665826,0.00031999999191612005,1.1130775,0.007976562
20,1,0.00489078770665826,0.00039999998989515007,1.1112102,0.0056353183
20,1,0.00489078770665826,0.0004799999878741801,1.1132517,0.0055805175
20,1,0.00489078770665826,0.0005599999858532101,1.1048237,0.0056144935
20,1,0.00489078770665826,0.0006399999838322401,1.1071968,0.0056454777
20,1,0.00489078770665826,0.0007999999797903001,1.1019182,0.0039720326
20,1,0.00489078770665826,0.0009599999757483602,1.1027931,0.0039624576
20,1,0.00489078770665826,0.0011199999717064202,1.1049087,0.00395548
20,1,0.00489078770665826,0.0012799999676644802,1.1018046,0.003951817
20,1,0.00489078770665826,0.0015999999595806003,1.1005734,0.0028158952
20,1,0.00489078770665826,0.0019199999514967203,1.1013736,0.0028177826
20,1,0.00489078770665826,0.0022399999434128404,1.0980707,0.0028188047
20,1,0.00489078770665826,0.0025599999353289604,1.0990596,0.0028171446
20,1,0.00489078770665826,0.0031999999191612005,1.0951777,0.0019819157
20,1,0.00489078770665826,0.0038399999029934406,1.0971085,0.0019881004
20,1,0.00489078770665826,0.004479999886825681,1.0942922,0.0019836999
20,1,0.00489078770665826,0.005119999870657921,1.0983427,0.0019881357
20,1,0.00489078770665826,0.006399999838322401,1.0938752,0.0014051516
20,1,0.00489078770665826,0.007679999805986881,1.0943174,0.0014060156
20,1,0.00489078770665826,0.008959999773651361,1.0948914,0.0014071713
20,1,0.00489078770665826,0.010239999741315842,1.0904903,0.0014057441
20,1,0.00489078770665826,0.012799999676644802,1.0921937,0.0009912328
20,1,0.00489078770665826,0.015359999611973763,1.0905216,0.0009935854
20,1,0.00489078770665826,0.017919999547302723,1.092267,0.0009988078
20,1,0.00489078770665826,0.020479999482631683,1.0909139,0.000996907
20,1,0.00489078770665826,0.025599999353289604,1.0921568,0.000705852
20,1,0.00489078770665826,0.030719999223947525,1.0912187,0.0007073332
20,1,0.00489078770665826,0.035839999094605446,1.0930763,0.0007071323
20,1,0.00489078770665826,0.04095999896526337,1.0904901,0.00070848723
20,1,0.00489078770665826,0.05119999870657921,1.0896714,0.0005009847
20,1,0.00489078770665826,0.06143999844789505,1.0904907,0.0005020037
20,1,0.00489078770665826,0.07167999818921089,1.0886215,0.00050433073
20,1,0.00489078770665826,0.08191999793052673,1.0900011,0.0005057415
20,1,0.00489078770665826,0.10239999741315842,1.0892617,0.00035960734
20,1,0.00489078770665826,0.1228799968957901,1.0893854,0.00036162403
20,1,0.00489078770665826,0.14335999637842178,1.0887853,0.00036380082
20,1,0.00489078770665826,0.16383999586105347,1.0886039,0.00036673652
20,1,0.00489078770665826,0.20479999482631683,1.0880961,0.0002621016
20,1,0.00489078770665826,0.2457599937915802,1.0878197,0.00026566887
20,1,0.00489078770665826,0.28671999275684357,1.087135,0.00026911902
20,1,0.00489078770665826,0.32767999172210693,1.0871134,0.0002734877
20,1,0.00489078770665826,0.40959998965263367,1.0860345,0.00019565085
20,1,0.00489078770665826,0.4915199875831604,1.0856701,0.0002022764
20,1,0.00489078770665826,0.5734399855136871,1.0850971,0.00021000602
20,1,0.00489078770665826,0.6553599834442139,1.0847946,0.00021875501
20,1,0.00489078770665826,0.8191999793052673,1.0842099,0.00016113924
20,1,0.00489078770665826,0.9830399751663208,1.0833257,0.00017080428
20,1,0.00489078770665826,1.1468799710273743,1.0826374,0.00018764046
20,1,0.00489078770665826,1.3107199668884277,1.0819567,0.00021078503
20,1,0.00489078770665826,1.6383999586105347,1.0808363,0.00014149345
20,2,0.006017806809720593,1.9999999494757503e-05,1.116502,0.014360416
20,2,0.006017806809720593,3.9999998989515007e-05,1.138138,0.01480262
20,2,0.006017806809720593,5.999999848427251e-05,1.118712,0.0146210585
20,2,0.006017806809720593,7.999999797903001e-05,1.1316813,0.014606243
20,2,0.006017806809720593,9.999999747378752e-05,1.1093234,0.014789675
20,2,0.006017806809720593,0.00011999999696854502,1.0976844,0.01439036
20,2,0.006017806809720593,0.00013999999646330252,1.0936246,0.014765824
20,2,0.006017806809720593,0.00015999999595806003,1.1221476,0.014540106
20,2,0.006017806809720593,0.00019999999494757503,1.1229036,0.010507406
20,2,0.006017806809720593,0.00023999999393709004,1.0917546,0.010386491
20,2,0.006017806809720593,0.00027999999292660505,1.1067691,0.010437526
20,2,0.006017806809720593,0.00031999999191612005,1.0978917,0.010280588
20,2,0.006017806809720593,0.00039999998989515007,1.1009442,0.0073477514
20,2,0.006017806809720593,0.0004799999878741801,1.0893849,0.007305155
20,2,0.006017806809720593,0.0005599999858532101,1.0920523,0.0074049174
20,2,0.006017806809720593,0.0006399999838322401,1.0975428,0.0074747875
20,2,0.006017806809720593,0.0007999999797903001,1.0954354,0.005137025
20,2,0.006017806809720593,0.0009599999757483602,1.0903561,0.0052306075
20,2,0.006017806809720593,0.0011199999717064202,1.0884736,0.0051347525
20,2,0.006017806809720593,0.0012799999676644802,1.0826181,0.00520135
20,2,0.006017806809720593,0.0015999999595806003,1.0815973,0.003707369
20,2,0.006017806809720593,0.0019199999514967203,1.0851468,0.003680278
20,2,0.006017806809720593,0.0022399999434128404,1.0873423,0.003685272
20,2,0.006017806809720593,0.0025599999353289604,1.0809813,0.0036616796
20,2,0.006017806809720593,0.0031999999191612005,1.0867863,0.002586087
20,2,0.006017806809720593,0.0038399999029934406,1.0915986,0.0026120655
20,2,0.006017806809720593,0.004479999886825681,1.0870874,0.002598812
20,2,0.006017806809720593,0.005119999870657921,1.0870708,0.0025964947
20,2,0.006017806809720593,0.006399999838322401,1.0831448,0.0018423286
20,2,0.006017806809720593,0.007679999805986881,1.0838611,0.0018379685
20,2,0.006017806809720593,0.008959999773651361,1.0841622,0.001852209
20,2,0.006017806809720593,0.010239999741315842,1.0855548,0.0018471343
20,2,0.006017806809720593,0.012799999676644802,1.0828758,0.0013116321
20,2,0.006017806809720593,0.015359999611973763,1.0823085,0.0013065499
20,2,0.006017806809720593,0.017919999547302723,1.0831451,0.0013049117
20,2,0.006017806809720593,0.020479999482631683,1.0823842,0.0013136871
20,2,0.006017806809720593,0.025599999353289604,1.0818179,0.00092602643
20,2,0.006017806809720593,0.030719999223947525,1.0822743,0.0009291535
20,2,0.006017806809720593,0.035839999094605446,1.0818546,0.0009283012
20,2,0.006017806809720593,0.04095999896526337,1.0802691,0.0009286163
20,2,0.006017806809720593,0.05119999870657921,1.0807985,0.00065676286
20,2,0.006017806809720593,0.06143999844789505,1.0804973,0.00066135393
20,2,0.006017806809720593,0.07167999818921089,1.0801437,0.00066147995
20,2,0.006017806809720593,0.08191999793052673,1.0797786,0.0006642431
20,2,0.006017806809720593,0.10239999741315842,1.0801946,0.0004726605
20,2,0.006017806809720593,0.1228799968957901,1.0791053,0.000474657
20,2,0.006017806809720593,0.14335999637842178,1.0786476,0.0004779328
20,2,0.006017806809720593,0.16383999586105347,1.078506,0.000481195
20,2,0.006017806809720593,0.20479999482631683,1.0782309,0.00034412844
20,2,0.006017806809720593,0.2457599937915802,1.0781751,0.00034957274
20,2,0.006017806809720593,0.28671999275684357,1.077103,0.00035374757
20,2,0.006017806809720593,0.32767999172210693,1.077531,0.00035960105
20,2,0.006017806809720593,0.40959998965263367,1.0762563,0.00025926784
20,2,0.006017806809720593,0.4915199875831604,1.0754384,0.00026790905
20,2,0.006017806809720593,0.5734399855136871,1.0752263,0.00027914593
20,2,0.006017806809720593,0.6553599834442139,1.0745472,0.0002909454
20,2,0.006017806809720593,0.8191999793052673,1.0736992,0.0002173313
20,2,0.006017806809720593,0.9830399751663208,1.0734394,0.0002314455
20,2,0.006017806809720593,1.1468799710273743,1.0721834,0.0002565828
20,2,0.006017806809720593,1.3107199668884277,1.0727373,0.00029202533
20,2,0.006017806809720593,1.6383999586105347,1.0703664,0.00022866174
20,3,0.007144825912782926,1.9999999494757503e-05,1.1380455,0.018896185
20,3,0.007144825912782926,3.9999998989515007e-05,1.122812,0.018113384
20,3,0.007144825912782926,5.999999848427251e-05,1.0967925,0.018065829
20,3,0.007144825912782926,7.999999797903001e-05,1.1317449,0.018824842
20,3,0.007144825912782926,9.999999747378752e-05,1.0774052,0.018243715
20,3,0.007144825912782926,0.00011999999696854502,1.0780455,0.018429417
20,3,0.007144825912782926,0.00013999999646330252,1.0950387,0.018789865
20,3,0.007144825912782926,0.00015999999595806003,1.1177446,0.019099515
20,3,0.007144825912782926,0.00019999999494757503,1.0860425,0.013549777
20,3,0.007144825912782926,0.00023999999393709004,1.0894693,0.013238313
20,3,0.007144825912782926,0.00027999999292660505,1.0873259,0.012969315
20,3,0.007144825912782926,0.00031999999191612005,1.091929,0.012858726
20,3,0.007144825912782926,0.00039999998989515007,1.0859196,0.009330565
20,3,0.007144825912782926,0.0004799999878741801,1.0893894,0.009449145
20,3,0.007144825912782926,0.0005599999858532101,1.0774405,0.0095546115
20,3,0.007144825912782926,0.0006399999838322401,1.0763401,0.009444342
20,3,0.007144825912782926,0.0007999999797903001,1.0868893,0.0065801567
20,3,0.007144825912782926,0.0009599999757483602,1.0787605,0.0066989735
20,3,0.007144825912782926,0.0011199999717064202,1.0810453,0.0066474155
20,3,0.007144825912782926,0.0012799999676644802,1.0749412,0.006659548
20,3,0.007144825912782926,0.0015999999595806003,1.0823283,0.004665787
20,3,0.007144825912782926,0.0019199999514967203,1.0746979,0.004656627
20,3,0.007144825912782926,0.0022399999434128404,1.0836012,0.0047664675
20,3,0.007144825912782926,0.0025599999353289604,1.074138,0.0047737705
20,3,0.007144825912782926,0.0031999999191612005,1.0823401,0.0033720625
20,3,0.007144825912782926,0.0038399999029934406,1.0776987,0.0033416175
20,3,0.007144825912782926,0.004479999886825681,1.0781982,0.0033126164
20,3,0.007144825912782926,0.005119999870657921,1.0744994,0.003353471
20,3,0.007144825912782926,0.006399999838322401,1.0758507,0.0023766353
20,3,0.007144825912782926,0.007679999805986881,1.0763292,0.002354328
20,3,0.007144825912782926,0.008959999773651361,1.077718,0.0024025762
20,3,0.007144825912782926,0.010239999741315842,1.0744594,0.0023843665
20,3,0.007144825912782926,0.012799999676644802,1.0728471,0.0016688559
20,3,0.007144825912782926,0.015359999611973763,1.0738878,0.0016789004
20,3,0.007144825912782926,0.017919999547302723,1.0756025,0.0016861405
20,3,0.007144825912782926,0.020479999482631683,1.0732745,0.0016817453
20,3,0.007144825912782926,0.025599999353289604,1.0735755,0.0011933681
20,3,0.007144825912782926,0.030719999223947525,1.0728369,0.001196272
20,3,0.007144825912782926,0.035839999094605446,1.074614,0.0011878794
20,3,0.007144825912782926,0.04095999896526337,1.0726544,0.0012012922
20,3,0.007144825912782926,0.05119999870657921,1.0733563,0.0008416382
20,3,0.007144825912782926,0.06143999844789505,1.0731206,0.00085190486
20,3,0.007144825912782926,0.07167999818921089,1.0724193,0.00085366005
20,3,0.007144825912782926,0.08191999793052673,1.0718892,0.0008579972
20,3,0.007144825912782926,0.10239999741315842,1.071614,0.00060978794
20,3,0.007144825912782926,0.1228799968957901,1.0719783,0.0006143446
20,3,0.007144825912782926,0.14335999637842178,1.0703503,0.0006176997
20,3,0.007144825912782926,0.16383999586105347,1.0715364,0.000620909
20,3,0.007144825912782926,0.20479999482631683,1.070596,0.00044632982
20,3,0.007144825912782926,0.2457599937915802,1.0695649,0.00045293296
20,3,0.007144825912782926,0.28671999275684357,1.0703251,0.00046022385
20,3,0.007144825912782926,0.32767999172210693,1.0684013,0.00046667698
20,3,0.007144825912782926,0.40959998965263367,1.0683783,0.0003368873
20,3,0.007144825912782926,0.4915199875831604,1.0674582,0.0003494102
20,3,0.007144825912782926,0.5734399855136871,1.0668977,0.00036286438
20,3,0.007144825912782926,0.6553599834442139,1.0666777,0.00037950513
20,3,0.007144825912782926,0.8191999793052673,1.065956,0.00028908625
20,3,0.007144825912782926,0.9830399751663208,1.0658154,0.00030856248
20,3,0.007144825912782926,1.1468799710273743,1.0643936,0.00034265165
20,3,0.007144825912782926,1.3107199668884277,1.063905,0.00038717606
20,3,0.007144825912782926,1.6383999586105347,1.0628456,0.0002974877
20,4,0.008271845015845259,1.9999999494757503e-05,1.1275954,0.022443876
20,4,0.008271845015845259,3.9999998989515007e-05,1.1253242,0.022131877
20,4,0.008271845015845259,5.999999848427251e-05,1.1018506,0.022285711
20,4,0.008271845015845259,7.999999797903001e-05,1.0896444,0.02288225
20,4,0.008271845015845259,9.999999747378752e-05,1.0948368,0.022613391
20,4,0.008271845015845259,0.00011999999696854502,1.1028461,0.022234412
20,4,0.008271845015845259,0.00013999999646330252,1.1075596,0.021419745
20,4,0.008271845015845259,0.00015999999595806003,1.0803461,0.02193911
20,4,0.008271845015845259,0.00019999999494757503,1.0756848,0.01613117
20,4,0.008271845015845259,0.00023999999393709004,1.1029575,0.017162401
20,4,0.008271845015845259,0.00027999999292660505,1.0859399,0.016183872
20,4,0.008271845015845259,0.00031999999191612005,1.0645533,0.01669361
20,4,0.008271845015845259,0.00039999998989515007,1.0977433,0.011447606
20,4,0.008271845015845259,0.0004799999878741801,1.0636435,0.011432743
20,4,0.008271845015845259,0.0005599999858532101,1.0772376,0.0119962245
20,4,0.008271845015845259,0.0006399999838322401,1.0841737,0.011354158
20,4,0.008271845015845259,0.0007999999797903001,1.0689664,0.0081987055
20,4,0.008271845015845259,0.0009599999757483602,1.0751761,0.008252414
20,4,0.008271845015845259,0.0011199999717064202,1.0863211,0.008132217
20,4,0.008271845015845259,0.0012799999676644802,1.0729793,0.008156927
20,4,0.008271845015845259,0.0015999999595806003,1.074448,0.0059466446
20,4,0.008271845015845259,0.0019199999514967203,1.0833188,0.005828903
20,4,0.008271845015845259,0.0022399999434128404,1.0760695,0.005765731
20,4,0.008271845015845259,0.0025599999353289604,1.0845548,0.005813151
20,4,0.008271845015845259,0.0031999999191612005,1.067963,0.0041927383
20,4,0.008271845015845259,0.0038399999029934406,1.0770295,0.004097052
20,4,0.008271845015845259,0.004479999886825681,1.0681815,0.004100266
20,4,0.008271845015845259,0.005119999870657921,1.0724622,0.004193592
20,4,0.008271845015845259,0.006399999838322401,1.0708992,0.0029170548
20,4,0.008271845015845259,0.007679999805986881,1.0682632,0.0029410075
20,4,0.008271845015845259,0.008959999773651361,1.0721008,0.002888679
20,4,0.008271845015845259,0.010239999741315842,1.0700488,0.0029497505
20,4,0.008271845015845259,0.012799999676644802,1.0696806,0.0020717527
20,4,0.008271845015845259,0.015359999611973763,1.0690595,0.002069437
20,4,0.008271845015845259,0.017919999547302723,1.0651084,0.0021016335
20,4,0.008271845015845259,0.020479999482631683,1.0692433,0.0020857286
20,4,0.008271845015845259,0.025599999353289604,1.0674735,0.0014746215
20,4,0.008271845015845259,0.030719999223947525,1.0668747,0.0014726035
20,4,0.008271845015845259,0.035839999094605446,1.0672996,0.0014815138
20,4,0.008271845015845259,0.04095999896526337,1.0676799,0.001475966
20,4,0.008271845015845259,0.05119999870657921,1.0669892,0.0010518765
20,4,0.008271845015845259,0.06143999844789505,1.0662203,0.0010504622
20,4,0.008271845015845259,0.07167999818921089,1.0657173,0.0010501479
20,4,0.008271845015845259,0.08191999793052673,1.0634493,0.0010630337
20,4,0.008271845015845259,0.10239999741315842,1.064623,0.00075827714
20,4,0.008271845015845259,0.1228799968957901,1.0657429,0.0007615526
20,4,0.008271845015845259,0.14335999637842178,1.0643129,0.0007676855
20,4,0.008271845015845259,0.16383999586105347,1.0632164,0.000770026
20,4,0.008271845015845259,0.20479999482631683,1.0638713,0.0005574773
20,4,0.008271845015845259,0.2457599937915802,1.0634718,0.00056604296
20,4,0.008271845015845259,0.28671999275684357,1.0623914,0.0005743977
20,4,0.008271845015845259,0.32767999172210693,1.0618296,0.00058458967
20,4,0.008271845015845259,0.40959998965263367,1.0615764,0.00042440355
20,4,0.008271845015845259,0.4915199875831604,1.0602456,0.00043841958
20,4,0.008271845015845259,0.5734399855136871,1.0602978,0.00045563298
20,4,0.008271845015845259,0.6553599834442139,1.0593666,0.00047332258
20,4,0.008271845015845259,0.8191999793052673,1.0591016,0.00036780973
20,4,0.008271845015845259,0.9830399751663208,1.0580435,0.0003935345
20,4,0.008271845015845259,1.1468799710273743,1.0577153,0.00043253243
20,4,0.008271845015845259,1.3107199668884277,1.0562276,0.00047176192
20,4,0.008271845015845259,1.6383999586105347,1.0548571,0.0003302832
30,0,0.0037637686035959274,1.9999999494757503e-05,1.1430225,0.008460279
30,0,0.0037637686035959274,3.9999998989515007e-05,1.1524585,0.008243039
30,0,0.0037637686035959274,5.999999848427251e-05,1.1500381,0.008320418
30,0,0.0037637686035959274,7.999999797903001e-05,1.1630774,0.00841881
30,0,0.0037637686035959274,9.999999747378752e-05,1.1364474,0.008230416
30,0,0.0037637686035959274,0.00011999999696854502,1.1429875,0.008234588
30,0,0.0037637686035959274,0.00013999999646330252,1.1433607,0.008208813
30,0,0.0037637686035959274,0.00015999999595806003,1.1333767,0.0082109
30,0,0.0037637686035959274,0.00019999999494757503,1.1427048,0.0058245654
30,0,0.0037637686035959274,0.00023999999393709004,1.1352875,0.0058161723
30,0,0.0037637686035959274,0.00027999999292660505,1.1398387,0.0058466718
30,0,0.0037637686035959274,0.00031999999191612005,1.1448308,0.005892846
30,0,0.0037637686035959274,0.00039999998989515007,1.1388766,0.0041750195
30,0,0.0037637686035959274,0.0004799999878741801,1.1414382,0.0041766963
30,0,0.0037637686035959274,0.0005599999858532101,1.1472038,0.004156444
30,0,0.0037637686035959274,0.0006399999838322401,1.1439587,0.004141446
30,0,0.0037637686035959274,0.0007999999797903001,1.1395272,0.0029378019
30,0,0.0037637686035959274,0.0009599999757483602,1.1332891,0.0029266481
30,0,0.0037637686035959274,0.0011199999717064202,1.1377393,0.0029274884
30,0,0.0037637686035959274,0.0012799999676644802,1.1382804,0.0029275573
30,0,0.0037637686035959274,0.0015999999595806003,1.1350523,0.0020687666
30,0,0.0037637686035959274,0.0019199999514967203,1.1349789,0.0020664777
30,0,0.0037637686035959274,0.0022399999434128404,1.1339715,0.002070314
30,0,0.0037637686035959274,0.0025599999353289604,1.1390707,0.0020624683
30,0,0.0037637686035959274,0.0031999999191612005,1.133203,0.0014593919
30,0,0.0037637686035959274,0.0038399999029934406,1.1303431,0.0014602874
30,0,0.0037637686035959274,0.004479999886825681,1.1308193,0.0014554507
30,0,0.0037637686035959274,0.005119999870657921,1.1347795,0.0014627507
30,0,0.0037637686035959274,0.006399999838322401,1.1328408,0.0010322805
30,0,0.0037637686035959274,0.007679999805986881,1.1311282,0.0010353577
30,0,0.0037637686035959274,0.008959999773651361,1.1303005,0.0010367773
30,0,0.0037637686035959274,0.010239999741315842,1.1314335,0.0010343954
30,0,0.0037637686035959274,0.012799999676644802,1.1319094,0.0007320959
30,0,0.0037637686035959274,0.015359999611973763,1.1320277,0.0007300845
30,0,0.0037637686035959274,0.017919999547302723,1.1317275,0.0007321345
30,0,0.0037637686035959274,0.020479999482631683,1.1311281,0.00073368783
30,0,0.0037637686035959274,0.025599999353289604,1.1294976,0.00051800284
30,0,0.0037637686035959274,0.030719999223947525,1.1297237,0.0005204811
30,0,0.0037637686035959274,0.035839999094605446,1.1300124,0.0005208909
30,0,0.0037637686035959274,0.04095999896526337,1.1305755,0.00052246155
30,0,0.0037637686035959274,0.05119999870657921,1.130701,0.00036889943
30,0,0.0037637686035959274,0.06143999844789505,1.1294913,0.00036971754
30,0,0.0037637686035959274,0.07167999818921089,1.1292615,0.00037182606
30,0,0.0037637686035959274,0.08191999793052673,1.1292515,0.0003722059
30,0,0.0037637686035959274,0.10239999741315842,1.1288354,0.00026423731
30,0,0.0037637686035959274,0.1228799968957901,1.1289985,0.00026639484
30,0,0.0037637686035959274,0.14335999637842178,1.1285061,0.00026783682
30,0,0.0037637686035959274,0.16383999586105347,1.1286771,0.00026928
30,0,0.0037637686035959274,0.20479999482631683,1.128194,0.00019232571
30,0,0.0037637686035959274,0.2457599937915802,1.128084,0.00019471713
30,0,0.0037637686035959274,0.28671999275684357,1.1276178,0.00019737611
30,0,0.0037637686035959274,0.32767999172210693,1.1276846,0.00019996928
30,0,0.0037637686035959274,0.40959998965263367,1.1268773,0.00014311381
30,0,0.0037637686035959274,0.4915199875831604,1.1267278,0.000148065
30,0,0.0037637686035959274,0.5734399855136871,1.1264015,0.00015312381
30,0,0.0037637686035959274,0.6553599834442139,1.1258912,0.00015928822
30,0,0.0037637686035959274,0.8191999793052673,1.1255683,0.00011644466
30,0,0.0037637686035959274,0.9830399751663208,1.12488,0.00012269638
30,0,0.0037637686035959274,1.1468799710273743,1.1244156,0.00013365711
30,0,0.0037637686035959274,1.3107199668884277,1.1240295,0.00014638818
30,0,0.0037637686035959274,1.6383999586105347,1.123362,4.601654e-05
30,1,0.00489078770665826,1.9999999494757503e-05,1.1488318,0.0115598645
30,1,0.00489078770665826,3.9999998989515007e-05,1.1401722,0.011569324
30,1,0.00489078770665826,5.999999848427251e-05,1.1338193,0.011553082
30,1,0.00489078770665826,7.999999797903001e-05,1.1285555,0.011610739
30,1,0.00489078770665826,9.999999747378752e-05,1.1599485,0.011921689
30,1,0.00489078770665826,0.00011999999696854502,1.1406682,0.0114983
30,1,0.00489078770665826,0.00013999999646330252,1.1352898,0.011649413
30,1,0.00489078770665826,0.00015999999595806003,1.1417254,0.011470921
30,1,0.00489078770665826,0.00019999999494757503,1.1323872,0.008240428
30,1,0.00489078770665826,0.00023999999393709004,1.1379833,0.00835994
30,1,0.00489078770665826,0.00027999999292660505,1.1351304,0.00826211
30,1,0.00489078770665826,0.00031999999191612005,1.1294303,0.008111566
30,1,0.00489078770665826,0.00039999998989515007,1.1245737,0.0058312104
30,1,0.00489078770665826,0.0004799999878741801,1.1256773,0.0058133663
30,1,0.00489078770665826,0.0005599999858532101,1.1291112,0.005774844
30,1,0.00489078770665826,0.0006399999838322401,1.1295826,0.0057358644
30,1,0.00489078770665826,0.0007999999797903001,1.1244692,0.0040721246
30,1,0.00489078770665826,0.0009599999757483602,1.1286263,0.004139717
30,1,0.00489078770665826,0.0011199999717064202,1.1335657,0.0041358485
30,1,0.00489078770665826,0.0012799999676644802,1.1244954,0.0040608775
30,1,0.00489078770665826,0.0015999999595806003,1.1220428,0.002905009
30,1,0.00489078770665826,0.0019199999514967203,1.1236235,0.002890212
30,1,0.00489078770665826,0.0022399999434128404,1.1276838,0.002900168
30,1,0.00489078770665826,0.0025599999353289604,1.1234316,0.0028765025
30,1,0.00489078770665826,0.0031999999191612005,1.1256821,0.0020705368
30,1,0.00489078770665826,0.0038399999029934406,1.122841,0.0020430533
30,1,0.00489078770665826,0.004479999886825681,1.1213729,0.00204241
30,1,0.00489078770665826,0.005119999870657921,1.1239464,0.0020511276
30,1,0.00489078770665826,0.006399999838322401,1.1220056,0.0014508193
30,1,0.00489078770665826,0.007679999805986881,1.1219339,0.0014555663
30,1,0.00489078770665826,0.008959999773651361,1.1198475,0.001442385
30,1,0.00489078770665826,0.010239999741315842,1.1226237,0.0014589587
30,1,0.00489078770665826,0.012799999676644802,1.1212187,0.0010278272
30,1,0.00489078770665826,0.015359999611973763,1.1209096,0.0010282297
30,1,0.00489078770665826,0.017919999547302723,1.1210274,0.0010290048
30,1,0.00489078770665826,0.020479999482631683,1.1192659,0.0010277319
30,1,0.00489078770665826,0.025599999353289604,1.1197065,0.00073066313
30,1,0.00489078770665826,0.030719999223947525,1.1204357,0.0007295742
30,1,0.00489078770665826,0.035839999094605446,1.1208946,0.00073092163
30,1,0.00489078770665826,0.04095999896526337,1.1188939,0.0007336679
30,1,0.00489078770665826,0.05119999870657921,1.1194855,0.00051718863
30,1,0.00489078770665826,0.06143999844789505,1.1186666,0.0005181383
30,1,0.00489078770665826,0.07167999818921089,1.1180812,0.000521581
30,1,0.00489078770665826,0.08191999793052673,1.1185576,0.0005223373
30,1,0.00489078770665826,0.10239999741315842,1.1188391,0.00037240182
30,1,0.00489078770665826,0.1228799968957901,1.1185309,0.00037260485
30,1,0.00489078770665826,0.14335999637842178,1.1179726,0.00037548784
30,1,0.00489078770665826,0.16383999586105347,1.1179099,0.0003778065
30,1,0.00489078770665826,0.20479999482631683,1.1174957,0.00027006777
30,1,0.00489078770665826,0.2457599937915802,1.1175005,0.0002741361
30,1,0.00489078770665826,0.28671999275684357,1.1171216,0.00027636753
30,1,0.00489078770665826,0.32767999172210693,1.1168588,0.00028127324
30,1,0.00489078770665826,0.40959998965263367,1.1161425,0.00020143496
30,1,0.00489078770665826,0.4915199875831604,1.1155841,0.00020756132
30,1,0.00489078770665826,0.5734399855136871,1.1151779,0.00021615079
30,1,0.00489078770665826,0.6553599834442139,1.1151797,0.00022439101
30,1,0.00489078770665826,0.8191999793052673,1.1143386,0.0001652317
30,1,0.00489078770665826,0.9830399751663208,1.1135528,0.00017457853
30,1,0.00489078770665826,1.1468799710273743,1.1130989,0.00019168665
30,1,0.00489078770665826,1.3107199668884277,1.1124606,0.00021358977
30,1,0.00489078770665826,1.6383999586105347,1.1114131,0.00012546485
30,2,0.006017806809720593,1.9999999494757503e-05,1.1202681,0.014706319
30,2,0.006017806809720593,3.9999998989515007e-05,1.1397009,0.015592657
30,2,0.006017806809720593,5.999999848427251e-05,1.1462871,0.015632221
30,2,0.006017806809720593,7.999999797903001e-05,1.1555043,0.015717106
30,2,0.006017806809720593,9.999999747378752e-05,1.1252142,0.014999686
30,2,0.006017806809720593,0.00011999999696854502,1.1491958,0.015610986
30,2,0.006017806809720593,0.00013999999646330252,1.1218051,0.015252779
30,2,0.006017806809720593,0.00015999999595806003,1.1385353,0.015594299
30,2,0.006017806809720593,0.00019999999494757503,1.132754,0.011053779
30,2,0.006017806809720593,0.00023999999393709004,1.1180778,0.010782647
30,2,0.006017806809720593,0.00027999999292660505,1.1254802,0.010815456
30,2,0.006017806809720593,0.00031999999191612005,1.1187277,0.01076372
30,2,0.006017806809720593,0.00039999998989515007,1.1300806,0.008652298
30,2,0.006017806809720593,0.0004799999878741801,1.10666,0.007683851
30,2,0.006017806809720593,0.0005599999858532101,1.1110466,0.0077699265
30,2,0.006017806809720593,0.0006399999838322401,1.1225197,0.007848235
30,2,0.006017806809720593,0.0007999999797903001,1.1202136,0.0054875645
30,2,0.006017806809720593,0.0009599999757483602,1.1160227,0.0055481787
30,2,0.006017806809720593,0.0011199999717064202,1.1113021,0.0054268674
30,2,0.006017806809720593,0.0012799999676644802,1.1166837,0.005529754
30,2,0.006017806809720593,0.0015999999595806003,1.1163176,0.0038950492
30,2,0.006017806809720593,0.0019199999514967203,1.1096702,0.0038892513
30,2,0.006017806809720593,0.0022399999434128404,1.1192565,0.0039106496
30,2,0.006017806809720593,0.0025599999353289604,1.1208005,0.003931287
30,2,0.006017806809720593,0.0031999999191612005,1.1146582,0.0027521497
30,2,0.006017806809720593,0.0038399999029934406,1.1110541,0.0027536782
30,2,0.006017806809720593,0.004479999886825681,1.1152768,0.002748685
30,2,0.006017806809720593,0.005119999870657921,1.1152225,0.0027739173
30,2,0.006017806809720593,0.006399999838322401,1.112767,0.0019546903
30,2,0.006017806809720593,0.007679999805986881,1.113052,0.0019418332
30,2,0.006017806809720593,0.008959999773651361,1.1126299,0.0019575243
30,2,0.006017806809720593,0.010239999741315842,1.1176698,0.001960086
30,2,0.006017806809720593,0.012799999676644802,1.1146595,0.0013882938
30,2,0.006017806809720593,0.015359999611973763,1.112968,0.0013882687
30,2,0.006017806809720593,0.017919999547302723,1.1136881,0.0013827219
30,2,0.006017806809720593,0.020479999482631683,1.1137806,0.0013891887
30,2,0.006017806809720593,0.025599999353289604,1.1124561,0.0009815848
30,2,0.006017806809720593,0.030719999223947525,1.1133792,0.0009833085
30,2,0.006017806809720593,0.035839999094605446,1.112051,0.0009857889
30,2,0.006017806809720593,0.04095999896526337,1.1117035,0.0009843386
30,2,0.006017806809720593,0.05119999870657921,1.1110867,0.0006993637
30,2,0.006017806809720593,0.06143999844789505,1.1094337,0.000698947
30,2,0.006017806809720593,0.07167999818921089,1.1102937,0.0007017491
30,2,0.006017806809720593,0.08191999793052673,1.1100156,0.0007045096
30,2,0.006017806809720593,0.10239999741315842,1.1097914,0.0005018257
30,2,0.006017806809720593,0.1228799968957901,1.1096685,0.0005050004
30,2,0.006017806809720593,0.14335999637842178,1.109195,0.00050636195
30,2,0.006017806809720593,0.16383999586105347,1.1097084,0.0005091285
30,2,0.006017806809720593,0.20479999482631683,1.1093872,0.0003657879
30,2,0.006017806809720593,0.2457599937915802,1.1080983,0.00036928596
30,2,0.006017806809720593,0.28671999275684357,1.1082368,0.00037512003
30,2,0.006017806809720593,0.32767999172210693,1.1078128,0.00038082743
30,2,0.006017806809720593,0.40959998965263367,1.1079031,0.0002744478
30,2,0.006017806809720593,0.4915199875831604,1.1066192,0.0002833852
30,2,0.006017806809720593,0.5734399855136871,1.106334,0.0002945195
30,2,0.006017806809720593,0.6553599834442139,1.1054116,0.00030705702
30,2,0.006017806809720593,0.8191999793052673,1.1051635,0.00022753784
30,2,0.006017806809720593,0.9830399751663208,1.1047244,0.0002423693
30,2,0.006017806809720593,1.1468799710273743,1.1039174,0.0002679646
30,2,0.006017806809720593,1.3107199668884277,1.1029172,0.000304031
30,2,0.006017806809720593,1.6383999586105347,1.1013824,0.00022923278
30,3,0.007144825912782926,1.9999999494757503e-05,1.1195234,0.020051118
30,3,0.007144825912782926,3.9999998989515007e-05,1.1021713,0.019301716
30,3,0.007144825912782926,5.999999848427251e-05,1.1515802,0.021511395
30,3,0.007144825912782926,7.999999797903001e-05,1.1202639,0.020372823
30,3,0.007144825912782926,9.999999747378752e-05,1.1326461,0.020060735
30,3,0.007144825912782926,0.00011999999696854502,1.1111771,0.021028262
30,3,0.007144825912782926,0.00013999999646330252,1.1469033,0.019615084
30,3,0.007144825912782926,0.00015999999595806003,1.1242276,0.020443687
30,3,0.007144825912782926,0.00019999999494757503,1.1117947,0.014482559
30,3,0.007144825912782926,0.00023999999393709004,1.1223125,0.014443863
30,3,0.007144825912782926,0.00027999999292660505,1.1152787,0.014640565
30,3,0.007144825912782926,0.00031999999191612005,1.0918261,0.014467141
30,3,0.007144825912782926,0.00039999998989515007,1.109318,0.009814352
30,3,0.007144825912782926,0.0004799999878741801,1.1149288,0.00989982
30,3,0.007144825912782926,0.0005599999858532101,1.1248492,0.010030043
30,3,0.007144825912782926,0.0006399999838322401,1.1176633,0.010119589
30,3,0.007144825912782926,0.0007999999797903001,1.110707,0.00752775
30,3,0.007144825912782926,0.0009599999757483602,1.1210884,0.0074213543
30,3,0.007144825912782926,0.0011199999717064202,1.1092654,0.0071443305
30,3,0.007144825912782926,0.0012799999676644802,1.1173501,0.0071908343
30,3,0.007144825912782926,0.0015999999595806003,1.1152475,0.0050750026
30,3,0.007144825912782926,0.0019199999514967203,1.1162845,0.0050427895
30,3,0.007144825912782926,0.0022399999434128404,1.1148082,0.005094654
30,3,0.007144825912782926,0.0025599999353289604,1.1071771,0.00508648
30,3,0.007144825912782926,0.0031999999191612005,1.1099442,0.0035990963
30,3,0.007144825912782926,0.0038399999029934406,1.108863,0.003610847
30,3,0.007144825912782926,0.004479999886825681,1.1065478,0.003568743
30,3,0.007144825912782926,0.005119999870657921,1.1103873,0.0035889975
30,3,0.007144825912782926,0.006399999838322401,1.1070426,0.0025405502
30,3,0.007144825912782926,0.007679999805986881,1.1022921,0.0025196231
30,3,0.007144825912782926,0.008959999773651361,1.1115668,0.0025453523
30,3,0.007144825912782926,0.010239999741315842,1.109925,0.0025466033
30,3,0.007144825912782926,0.012799999676644802,1.1089369,0.0018092883
30,3,0.007144825912782926,0.015359999611973763,1.1082114,0.0018115694
30,3,0.007144825912782926,0.017919999547302723,1.1091492,0.0018062463
30,3,0.007144825912782926,0.020479999482631683,1.1038603,0.0018432921
30,3,0.007144825912782926,0.025599999353289604,1.1047183,0.0012788066
30,3,0.007144825912782926,0.030719999223947525,1.1048608,0.0012848992
30,3,0.007144825912782926,0.035839999094605446,1.1068665,0.0012868232
30,3,0.007144825912782926,0.04095999896526337,1.103689,0.001296915
30,3,0.007144825912782926,0.05119999870657921,1.1058475,0.00091195764
30,3,0.007144825912782926,0.06143999844789505,1.1045431,0.00091510755
30,3,0.007144825912782926,0.07167999818921089,1.1041191,0.0009188394
30,3,0.007144825912782926,0.08191999793052673,1.1040455,0.00091814104
30,3,0.007144825912782926,0.10239999741315842,1.1037005,0.00065484806
30,3,0.007144825912782926,0.1228799968957901,1.1031296,0.0006586699
30,3,0.007144825912782926,0.14335999637842178,1.1027646,0.00066052115
30,3,0.007144825912782926,0.16383999586105347,1.1012748,0.0006666931
30,3,0.007144825912782926,0.20479999482631683,1.1019021,0.00048035264
30,3,0.007144825912782926,0.2457599937915802,1.1017365,0.00048787732
30,3,0.007144825912782926,0.28671999275684357,1.1010561,0.0004924256
30,3,0.007144825912782926,0.32767999172210693,1.100739,0.00050179794
30,3,0.007144825912782926,0.40959998965263367,1.0999233,0.00036279846
30,3,0.007144825912782926,0.4915199875831604,1.1005119,0.00037583793
30,3,0.007144825912782926,0.5734399855136871,1.0992142,0.00039028696
30,3,0.007144825912782926,0.6553599834442139,1.098485,0.0004069581
30,3,0.007144825912782926,0.8191999793052673,1.097653,0.00030764352
30,3,0.007144825912782926,0.9830399751663208,1.0970793,0.00032804636
30,3,0.007144825912782926,1.1468799710273743,1.0962207,0.00036506428
30,3,0.007144825912782926,1.3107199668884277,1.0961232,0.00041249962
30,3,0.007144825912782926,1.6383999586105347,1.0946723,0.00032360508
30,4,0.008271845015845259,1.9999999494757503e-05,1.1228188,0.023293015
30,4,0.008271845015845259,3.9999998989515007e-05,1.1302936,0.025019974
30,4,0.008271845015845259,5.999999848427251e-05,1.1476127,0.02399554
30,4,0.008271845015845259,7.999999797903001e-05,1.1297916,0.025441872
30,4,0.008271845015845259,9.999999747378752e-05,1.1365023,0.025588527
30,4,0.008271845015845259,0.00011999999696854502,1.0951337,0.025107259
30,4,0.008271845015845259,0.00013999999646330252,1.1158342,0.025332825
30,4,0.008271845015845259,0.00015999999595806003,1.1289335,0.024239918
30,4,0.008271845015845259,0.00019999999494757503,1.0864633,0.016617518
30,4,0.008271845015845259,0.00023999999393709004,1.104108,0.017275853
30,4,0.008271845015845259,0.00027999999292660505,1.0973011,0.017610798
30,4,0.008271845015845259,0.00031999999191612005,1.1222391,0.017869126
30,4,0.008271845015845259,0.00039999998989515007,1.1180248,0.012097985
30,4,0.008271845015845259,0.0004799999878741801,1.1099058,0.012730559
30,4,0.008271845015845259,0.0005599999858532101,1.1062138,0.0125826085
30,4,0.008271845015845259,0.0006399999838322401,1.0970347,0.012395632
30,4,0.008271845015845259,0.0007999999797903001,1.0954136,0.008757615
30,4,0.008271845015845259,0.0009599999757483602,1.1030974,0.008745452
30,4,0.008271845015845259,0.0011199999717064202,1.1040953,0.008988944
30,4,0.008271845015845259,0.0012799999676644802,1.0923648,0.008736521
30,4,0.008271845015845259,0.0015999999595806003,1.110457,0.006460682
30,4,0.008271845015845259,0.0019199999514967203,1.0960457,0.006364807
30,4,0.008271845015845259,0.0022399999434128404,1.1051857,0.006408087
30,4,0.008271845015845259,0.0025599999353289604,1.0932373,0.0063293506
30,4,0.008271845015845259,0.0031999999191612005,1.1066644,0.0044635274
30,4,0.008271845015845259,0.0038399999029934406,1.097161,0.004544851
30,4,0.008271845015845259,0.004479999886825681,1.1101947,0.0044807466
30,4,0.008271845015845259,0.005119999870657921,1.0975693,0.004492369
30,4,0.008271845015845259,0.006399999838322401,1.0964994,0.0031775762
30,4,0.008271845015845259,0.007679999805986881,1.1071668,0.003170734
30,4,0.008271845015845259,0.008959999773651361,1.1008085,0.0032141628
30,4,0.008271845015845259,0.010239999741315842,1.1008412,0.0031887197
30,4,0.008271845015845259,0.012799999676644802,1.0985696,0.0022673518
30,4,0.008271845015845259,0.015359999611973763,1.0986689,0.0022594195
30,4,0.008271845015845259,0.017919999547302723,1.0978595,0.0022440176
30,4,0.008271845015845259,0.020479999482631683,1.0978473,0.002266575
30,4,0.008271845015845259,0.025599999353289604,1.1001889,0.001625097
30,4,0.008271845015845259,0.030719999223947525,1.0986992,0.0016142571
30,4,0.008271845015845259,0.035839999094605446,1.0984617,0.0016125479
30,4,0.008271845015845259,0.04095999896526337,1.0971562,0.001620635
30,4,0.008271845015845259,0.05119999870657921,1.0981323,0.0011465562
30,4,0.008271845015845259,0.06143999844789505,1.096865,0.0011518742
30,4,0.008271845015845259,0.07167999818921089,1.0966855,0.0011495028
30,4,0.008271845015845259,0.08191999793052673,1.0972747,0.0011537899
30,4,0.008271845015845259,0.10239999741315842,1.0967005,0.0008256515
30,4,0.008271845015845259,0.1228799968957901,1.0957177,0.0008293755
30,4,0.008271845015845259,0.14335999637842178,1.0967029,0.0008352116
30,4,0.008271845015845259,0.16383999586105347,1.0951976,0.00084558304
30,4,0.008271845015845259,0.20479999482631683,1.0952493,0.0006027845
30,4,0.008271845015845259,0.2457599937915802,1.0955684,0.0006127688
30,4,0.008271845015845259,0.28671999275684357,1.0946764,0.00062450336
30,4,0.008271845015845259,0.32767999172210693,1.0944413,0.0006360765
30,4,0.008271845015845259,0.40959998965263367,1.0938923,0.00045802383
30,4,0.008271845015845259,0.4915199875831604,1.0925171,0.00047456363
30,4,0.008271845015845259,0.5734399855136871,1.0922298,0.00049371505
30,4,0.008271845015845259,0.6553599834442139,1.0915542,0.00051423913
30,4,0.008271845015845259,0.8191999793052673,1.0909871,0.0003955504
30,4,0.008271845015845259,0.9830399751663208,1.0904434,0.000423149
30,4,0.008271845015845259,1.1468799710273743,1.0897502,0.00046732265
30,4,0.008271845015845259,1.3107199668884277,1.088734,0.00051739154
30,4,0.008271845015845259,1.6383999586105347,1.0866054,0.00038136396
